1;Ady Suleiman;Авторская песня, Шансон;Жанр
2;Albert Hammond;Авторская песня, Шансон;Жанр
3;Alex Clare;Авторская песня, Шансон;Жанр
4;Alice Merton;Авторская песня, Шансон;Жанр
5;Ali Gatie;Авторская песня, Шансон;Жанр
6;Alvaro Soler;Авторская песня, Шансон;Жанр
7;Amy Macdonald;Авторская песня, Шансон;Жанр
8;Anslem Douglas;Авторская песня, Шансон;Жанр
9;AURORA;Авторская песня, Шансон;Жанр
10;Bebe Rexha;Авторская песня, Шансон;Жанр
11;Beck;Авторская песня, Шансон;Жанр
12;Billie Eilish;Авторская песня, Шансон;Жанр
13;Birdy;Авторская песня, Шансон;Жанр
14;Bob Dylan;Авторская песня, Шансон;Жанр
15;BoyWithUke;Авторская песня, Шансон;Жанр
16;Burito;Авторская песня, Шансон;Жанр
17;Calum Scott;Авторская песня, Шансон;Жанр
18;Carly Rae Jepsen;Авторская песня, Шансон;Жанр
19;Cat Stevens;Авторская песня, Шансон;Жанр
20;Charles Aznavour;Авторская песня, Шансон;Жанр
21;Charlie Puth;Авторская песня, Шансон;Жанр
22;Charli XCX;Авторская песня, Шансон;Жанр
23;Christina Perri;Авторская песня, Шансон;Жанр
24;Daniel Powter;Авторская песня, Шансон;Жанр
25;DanyMuse;Авторская песня, Шансон;Жанр
26;David Bowie;Авторская песня, Шансон;Жанр
27;Daya;Авторская песня, Шансон;Жанр
28;Devendra Banhart;Авторская песня, Шансон;Жанр
29;Dido;Авторская песня, Шансон;Жанр
30;Domenico Modugno;Авторская песня, Шансон;Жанр
31;Don McLean;Авторская песня, Шансон;Жанр
32;Donovan;Авторская песня, Шансон;Жанр
33;Dotan;Авторская песня, Шансон;Жанр
34;Duncan Laurence;Авторская песня, Шансон;Жанр
35;Eagle-Eye Cherry;Авторская песня, Шансон;Жанр
36;Édith Piaf;Авторская песня, Шансон;Жанр
37;Ed Sheeran;Авторская песня, Шансон;Жанр
38;Ellie Goulding;Авторская песня, Шансон;Жанр
39;Elliott Smith;Авторская песня, Шансон;Жанр
40;Elvis Costello;Авторская песня, Шансон;Жанр
41;Em Beihold;Авторская песня, Шансон;Жанр
42;Eve;Авторская песня, Шансон;Жанр
43;Feist;Авторская песня, Шансон;Жанр
44;FINNEAS;Авторская песня, Шансон;Жанр
45;Fousheé;Авторская песня, Шансон;Жанр
46;Foxes;Авторская песня, Шансон;Жанр
47;Francesco Yates;Авторская песня, Шансон;Жанр
48;Gary Go;Авторская песня, Шансон;Жанр
49;Gary Jules;Авторская песня, Шансон;Жанр
50;GAYLE;Авторская песня, Шансон;Жанр
51;George Ezra;Авторская песня, Шансон;Жанр
52;Gotye;Авторская песня, Шансон;Жанр
53;grandson;Авторская песня, Шансон;Жанр
54;Grimes;Авторская песня, Шансон;Жанр
55;Halsey;Авторская песня, Шансон;Жанр
56;Hozier;Авторская песня, Шансон;Жанр
57;Ina Wroldsen;Авторская песня, Шансон;Жанр
58;In-Grid;Авторская песня, Шансон;Жанр
59;Jack Savoretti;Авторская песня, Шансон;Жанр
60;Jacques Brel;Авторская песня, Шансон;Жанр
61;James Arthur;Авторская песня, Шансон;Жанр
62;James Bay;Авторская песня, Шансон;Жанр
63;James Blake;Авторская песня, Шансон;Жанр
64;James Blunt;Авторская песня, Шансон;Жанр
65;James Newman;Авторская песня, Шансон;Жанр
66;Janis Ian;Авторская песня, Шансон;Жанр
67;Jason Mraz;Авторская песня, Шансон;Жанр
68;Jaymes Young;Авторская песня, Шансон;Жанр
69;Jeff Buckley;Авторская песня, Шансон;Жанр
70;Jesse McCartney;Авторская песня, Шансон;Жанр
71;Jess Glynne;Авторская песня, Шансон;Жанр
72;Jimmy Fontana;Авторская песня, Шансон;Жанр
73;Joe Dassin;Авторская песня, Шансон;Жанр
74;Joe Hickerson;Авторская песня, Шансон;Жанр
75;Joe South;Авторская песня, Шансон;Жанр
76;John Cooper Clarke;Авторская песня, Шансон;Жанр
77;John Mayer;Авторская песня, Шансон;Жанр
78;Jon Bellion;Авторская песня, Шансон;Жанр
79;JP Cooper;Авторская песня, Шансон;Жанр
80;Kate Bush;Авторская песня, Шансон;Жанр
81;Kenny Loggins;Авторская песня, Шансон;Жанр
82;Kesha;Авторская песня, Шансон;Жанр
83;Kiesza;Авторская песня, Шансон;Жанр
84;Kimbra;Авторская песня, Шансон;Жанр
85;Lana Del Rey;Авторская песня, Шансон;Жанр
86;Laura Nyro;Авторская песня, Шансон;Жанр
87;Lenny Kravitz;Авторская песня, Шансон;Жанр
88;Leonard Cohen;Авторская песня, Шансон;Жанр
89;Lewis Capaldi;Авторская песня, Шансон;Жанр
90;Lily Allen;Авторская песня, Шансон;Жанр
91;Lisa Loeb;Авторская песня, Шансон;Жанр
92;Lorde;Авторская песня, Шансон;Жанр
93;LP;Авторская песня, Шансон;Жанр
94;Madison Beer;Авторская песня, Шансон;Жанр
95;Mahsun Kırmızıgül;Авторская песня, Шансон;Жанр
96;Martika;Авторская песня, Шансон;Жанр
97;Matt Cardle;Авторская песня, Шансон;Жанр
98;Meghan Trainor;Авторская песня, Шансон;Жанр
99;Michael Penn;Авторская песня, Шансон;Жанр
100;MIKA;Авторская песня, Шансон;Жанр
101;Mike Posner;Авторская песня, Шансон;Жанр
102;Mikolas Josef;Авторская песня, Шансон;Жанр
103;MØ;Авторская песня, Шансон;Жанр
104;My Name Is Kay;Авторская песня, Шансон;Жанр
105;Napoleon XIV;Авторская песня, Шансон;Жанр
106;Natalia Kills;Авторская песня, Шансон;Жанр
107;Natalie Imbruglia;Авторская песня, Шансон;Жанр
108;Neil Diamond;Авторская песня, Шансон;Жанр
109;Neil Sedaka;Авторская песня, Шансон;Жанр
110;Neon Hitch;Авторская песня, Шансон;Жанр
111;Nick Drake;Авторская песня, Шансон;Жанр
112;Nick Waterhouse;Авторская песня, Шансон;Жанр
113;Nico;Авторская песня, Шансон;Жанр
114;Ogden Edsl;Авторская песня, Шансон;Жанр
115;Olivia Rodrigo;Авторская песня, Шансон;Жанр
116;Olly Murs;Авторская песня, Шансон;Жанр
117;Passenger;Авторская песня, Шансон;Жанр
118;Paul Anka;Авторская песня, Шансон;Жанр
119;Pete Seeger;Авторская песня, Шансон;Жанр
120;Phillip Phillips;Авторская песня, Шансон;Жанр
121;Polo Montañez;Авторская песня, Шансон;Жанр
122;Pupo;Авторская песня, Шансон;Жанр
123;Rag'n'Bone Man;Авторская песня, Шансон;Жанр
124;Randy Newman;Авторская песня, Шансон;Жанр
125;Ray Dalton;Авторская песня, Шансон;Жанр
126;RAYE;Авторская песня, Шансон;Жанр
127;Regina Spektor;Авторская песня, Шансон;Жанр
128;Robyn;Авторская песня, Шансон;Жанр
129;Rufus Wainwright;Авторская песня, Шансон;Жанр
130;Sam Fender;Авторская песня, Шансон;Жанр
131;Seu Jorge;Авторская песня, Шансон;Жанр
132;SHAMAN;Авторская песня, Шансон;Жанр
133;Shawn Mendes;Авторская песня, Шансон;Жанр
134;Sia;Авторская песня, Шансон;Жанр
135;sibirsky;Авторская песня, Шансон;Жанр
136;SOLO;Авторская песня, Шансон;Жанр
137;Sophie Ellis-Bextor;Авторская песня, Шансон;Жанр
138;Steve Winwood;Авторская песня, Шансон;Жанр
139;Stromae;Авторская песня, Шансон;Жанр
140;Sub Urban;Авторская песня, Шансон;Жанр
141;Suzanne Vega;Авторская песня, Шансон;Жанр
142;Tal Bachman;Авторская песня, Шансон;Жанр
143;Taylor Swift;Авторская песня, Шансон;Жанр
144;Tay Zonday;Авторская песня, Шансон;Жанр
145;The Lonely Island;Авторская песня, Шансон;Жанр
146;Tim Buckley;Авторская песня, Шансон;Жанр
147;Tim McMorris;Авторская песня, Шансон;Жанр
148;Tom Grennan;Авторская песня, Шансон;Жанр
149;Tom Odell;Авторская песня, Шансон;Жанр
150;Tom Waits;Авторская песня, Шансон;Жанр
151;Tom Walker;Авторская песня, Шансон;Жанр
152;Tones And I;Авторская песня, Шансон;Жанр
153;Toto Cutugno;Авторская песня, Шансон;Жанр
154;Tove Lo;Авторская песня, Шансон;Жанр
155;Tracy Chapman;Авторская песня, Шансон;Жанр
156;Troye Sivan;Авторская песня, Шансон;Жанр
157;Two Feet;Авторская песня, Шансон;Жанр
158;Vance Joy;Авторская песня, Шансон;Жанр
159;Vanessa Carlton;Авторская песня, Шансон;Жанр
160;Vesala;Авторская песня, Шансон;Жанр
161;Vianney;Авторская песня, Шансон;Жанр
162;Vitas;Авторская песня, Шансон;Жанр
163;WhileWild;Авторская песня, Шансон;Жанр
164;Willis Earl Beal;Авторская песня, Шансон;Жанр
165;Ylvis;Авторская песня, Шансон;Жанр
166;Александр Башлачёв;Авторская песня, Шансон;Жанр
167;Александр Градский;Авторская песня, Шансон;Жанр
168;Александр Новиков;Авторская песня, Шансон;Жанр
169;Александр Розенбаум;Авторская песня, Шансон;Жанр
170;Александр Рыбак;Авторская песня, Шансон;Жанр
171;Алексей Понамарёв;Авторская песня, Шансон;Жанр
172;Андрей Губин;Авторская песня, Шансон;Жанр
173;Антоха МС;Авторская песня, Шансон;Жанр
174;Аркадий Кобяков;Авторская песня, Шансон;Жанр
175;Бутырка;Авторская песня, Шансон;Жанр
176;Валентин Стрыкало;Авторская песня, Шансон;Жанр
177;Вася Обломов;Авторская песня, Шансон;Жанр
178;Вика Цыганова;Авторская песня, Шансон;Жанр
179;Виктор Резников;Авторская песня, Шансон;Жанр
180;Вилли Токарев;Авторская песня, Шансон;Жанр
181;Владимир Высоцкий;Авторская песня, Шансон;Жанр
182;Вячеслав Добрынин;Авторская песня, Шансон;Жанр
183;Гречка;Авторская песня, Шансон;Жанр
184;Григорий Лепс;Авторская песня, Шансон;Жанр
185;Денис Майданов;Авторская песня, Шансон;Жанр
186;Дора;Авторская песня, Шансон;Жанр
187;Дюна;Авторская песня, Шансон;Жанр
188;Евгений Осин;Авторская песня, Шансон;Жанр
189;Елена Ваенга;Авторская песня, Шансон;Жанр
190;Жека;Авторская песня, Шансон;Жанр
191;Жуки;Авторская песня, Шансон;Жанр
192;Игорь Корнелюк;Авторская песня, Шансон;Жанр
193;Игорь Николаев;Авторская песня, Шансон;Жанр
194;Игорь Тальков;Авторская песня, Шансон;Жанр
195;Ирина Дубцова;Авторская песня, Шансон;Жанр
196;Ленинград;Авторская песня, Шансон;Жанр
197;Леонид Агутин;Авторская песня, Шансон;Жанр
198;Лера Массква;Авторская песня, Шансон;Жанр
199;Лесоповал;Авторская песня, Шансон;Жанр
200;Любэ;Авторская песня, Шансон;Жанр
201;Максим Фадеев;Авторская песня, Шансон;Жанр
202;Михаил Бублик;Авторская песня, Шансон;Жанр
203;Михаил Круг;Авторская песня, Шансон;Жанр
204;Михаил Шуфутинский;Авторская песня, Шансон;Жанр
205;Михей и Джуманджи;Авторская песня, Шансон;Жанр
206;Монеточка;Авторская песня, Шансон;Жанр
207;Мурат Насыров;Авторская песня, Шансон;Жанр
208;Николай Воронов;Авторская песня, Шансон;Жанр
209;Олег Газманов;Авторская песня, Шансон;Жанр
210;Павел Воля;Авторская песня, Шансон;Жанр
211;Профессор Лебединский;Авторская песня, Шансон;Жанр
212;Родион Газманов;Авторская песня, Шансон;Жанр
213;Рождество;Авторская песня, Шансон;Жанр
214;Руслан Утюг;Авторская песня, Шансон;Жанр
215;Семён Слепаков;Авторская песня, Шансон;Жанр
216;Сергей Дружко;Авторская песня, Шансон;Жанр
217;Сергей Наговицын;Авторская песня, Шансон;Жанр
218;Сергей Трофимов;Авторская песня, Шансон;Жанр
219;Сосо Павлиашвили;Авторская песня, Шансон;Жанр
220;Стас Михайлов;Авторская песня, Шансон;Жанр
221;Тима Белорусских;Авторская песня, Шансон;Жанр
222;Фёдор Иванович Шаляпин;Авторская песня, Шансон;Жанр
223;Юрий Антонов;Авторская песня, Шансон;Жанр
224;Юрий Лоза;Авторская песня, Шансон;Жанр
225;12 Stones;Альтернатива, Инди;Жанр
226;311;Альтернатива, Инди;Жанр
227;3 Doors Down;Альтернатива, Инди;Жанр
228;4 Non Blondes;Альтернатива, Инди;Жанр
229;54-40;Альтернатива, Инди;Жанр
230;7Б;Альтернатива, Инди;Жанр
231;Alice In Chains;Альтернатива, Инди;Жанр
232;alt-J;Альтернатива, Инди;Жанр
233;Animal ДжаZ;Альтернатива, Инди;Жанр
234;Arcade Fire;Альтернатива, Инди;Жанр
235;Arctic Monkeys;Альтернатива, Инди;Жанр
236;ASIAN KUNG-FU GENERATION;Альтернатива, Инди;Жанр
237;Band of Horses;Альтернатива, Инди;Жанр
238;Ben Folds Five;Альтернатива, Инди;Жанр
239;Biting Elbows;Альтернатива, Инди;Жанр
240;Black Rebel Motorcycle Club;Альтернатива, Инди;Жанр
241;Blonde Redhead;Альтернатива, Инди;Жанр
242;Blue October;Альтернатива, Инди;Жанр
243;Blur;Альтернатива, Инди;Жанр
244;Bon Iver;Альтернатива, Инди;Жанр
245;BrainStorm;Альтернатива, Инди;Жанр
246;Brother Cane;Альтернатива, Инди;Жанр
247;Buckcherry;Альтернатива, Инди;Жанр
248;Bush;Альтернатива, Инди;Жанр
249;Butthole Surfers;Альтернатива, Инди;Жанр
250;Cage The Elephant;Альтернатива, Инди;Жанр
251;Chase Atlantic;Альтернатива, Инди;Жанр
252;Cherry Ghost;Альтернатива, Инди;Жанр
253;Cigarettes After Sex;Альтернатива, Инди;Жанр
254;Cinema Bizarre;Альтернатива, Инди;Жанр
255;Coldplay;Альтернатива, Инди;Жанр
256;Collective Soul;Альтернатива, Инди;Жанр
257;Counting Crows;Альтернатива, Инди;Жанр
258;Course Of Nature;Альтернатива, Инди;Жанр
259;Creed;Альтернатива, Инди;Жанр
260;Daughtry;Альтернатива, Инди;Жанр
261;Death Cab for Cutie;Альтернатива, Инди;Жанр
262;DIAMANTE;Альтернатива, Инди;Жанр
263;Ednaswap;Альтернатива, Инди;Жанр
264;Eels;Альтернатива, Инди;Жанр
265;Emphatic;Альтернатива, Инди;Жанр
266;Everclear;Альтернатива, Инди;Жанр
267;Fastball;Альтернатива, Инди;Жанр
268;Filter;Альтернатива, Инди;Жанр
269;Finger Eleven;Альтернатива, Инди;Жанр
270;Fitz and the Tantrums;Альтернатива, Инди;Жанр
271;Fleet Foxes;Альтернатива, Инди;Жанр
272;Florence + The Machine;Альтернатива, Инди;Жанр
273;Foals;Альтернатива, Инди;Жанр
274;Foo Fighters;Альтернатива, Инди;Жанр
275;Foster The People;Альтернатива, Инди;Жанр
276;Franz Ferdinand;Альтернатива, Инди;Жанр
277;Fun.;Альтернатива, Инди;Жанр
278;Garbage;Альтернатива, Инди;Жанр
279;Glass Animals;Альтернатива, Инди;Жанр
280;Goo Goo Dolls;Альтернатива, Инди;Жанр
281;Halestorm;Альтернатива, Инди;Жанр
282;Hinder;Альтернатива, Инди;Жанр
283;Hole;Альтернатива, Инди;Жанр
284;Hoobastank;Альтернатива, Инди;Жанр
285;Imagine Dragons;Альтернатива, Инди;Жанр
286;Incubus;Альтернатива, Инди;Жанр
287;Inhaler;Альтернатива, Инди;Жанр
288;Interpol;Альтернатива, Инди;Жанр
289;In The Valley Below;Альтернатива, Инди;Жанр
290;James;Альтернатива, Инди;Жанр
291;Jane Air;Альтернатива, Инди;Жанр
292;Jet;Альтернатива, Инди;Жанр
293;Joe 90;Альтернатива, Инди;Жанр
294;Kaiser Chiefs;Альтернатива, Инди;Жанр
295;KALEO;Альтернатива, Инди;Жанр
296;Kasabian;Альтернатива, Инди;Жанр
297;Keane;Альтернатива, Инди;Жанр
298;Kings Of Convenience;Альтернатива, Инди;Жанр
299;Kings Of Leon;Альтернатива, Инди;Жанр
300;Kodaline;Альтернатива, Инди;Жанр
301;KONGOS;Альтернатива, Инди;Жанр
302;Lifehouse;Альтернатива, Инди;Жанр
303;Lilly Wood & The Prick;Альтернатива, Инди;Жанр
304;Listener;Альтернатива, Инди;Жанр
305;Live;Альтернатива, Инди;Жанр
306;London Grammar;Альтернатива, Инди;Жанр
307;Lostprophets;Альтернатива, Инди;Жанр
308;Manchester Orchestra;Альтернатива, Инди;Жанр
309;Måneskin;Альтернатива, Инди;Жанр
310;Matchbox Twenty;Альтернатива, Инди;Жанр
311;Mercy Arms;Альтернатива, Инди;Жанр
312;Midnight Oil;Альтернатива, Инди;Жанр
313;Milky Chance;Альтернатива, Инди;Жанр
314;Modest Mouse;Альтернатива, Инди;Жанр
315;Moist;Альтернатива, Инди;Жанр
316;Morphine;Альтернатива, Инди;Жанр
317;Mother Love Bone;Альтернатива, Инди;Жанр
318;Mother Mother;Альтернатива, Инди;Жанр
319;Mudhoney;Альтернатива, Инди;Жанр
320;Mumford & Sons;Альтернатива, Инди;Жанр
321;Muse;Альтернатива, Инди;Жанр
322;My Bloody Valentine;Альтернатива, Инди;Жанр
323;Neon Trees;Альтернатива, Инди;Жанр
324;New Radicals;Альтернатива, Инди;Жанр
325;Nickelback;Альтернатива, Инди;Жанр
326;Nirvana;Альтернатива, Инди;Жанр
327;Nothing But Thieves;Альтернатива, Инди;Жанр
328;Oasis;Альтернатива, Инди;Жанр
329;Of Monsters And Men;Альтернатива, Инди;Жанр
330;Oh Wonder;Альтернатива, Инди;Жанр
331;OK Go;Альтернатива, Инди;Жанр
332;Palaye Royale;Альтернатива, Инди;Жанр
333;Pearl Jam;Альтернатива, Инди;Жанр
334;Pixies;Альтернатива, Инди;Жанр
335;PJ Harvey;Альтернатива, Инди;Жанр
336;Placebo;Альтернатива, Инди;Жанр
337;Plan Three;Альтернатива, Инди;Жанр
338;Poets Of The Fall;Альтернатива, Инди;Жанр
339;Portugal. The Man;Альтернатива, Инди;Жанр
340;Puddle Of Mudd;Альтернатива, Инди;Жанр
341;Pulp;Альтернатива, Инди;Жанр
342;Radiohead;Альтернатива, Инди;Жанр
343;Red;Альтернатива, Инди;Жанр
344;Red Hot Chili Peppers;Альтернатива, Инди;Жанр
345;R.E.M.;Альтернатива, Инди;Жанр
346;RSAC x ELLA;Альтернатива, Инди;Жанр
347;Seafret;Альтернатива, Инди;Жанр
348;Seether;Альтернатива, Инди;Жанр
349;Semisonic;Альтернатива, Инди;Жанр
350;Shinedown;Альтернатива, Инди;Жанр
351;Sinéad O'Connor;Альтернатива, Инди;Жанр
352;Snow Patrol;Альтернатива, Инди;Жанр
353;Sonic Youth;Альтернатива, Инди;Жанр
354;Soul Asylum;Альтернатива, Инди;Жанр
355;Soundgarden;Альтернатива, Инди;Жанр
356;Spin Doctors;Альтернатива, Инди;Жанр
357;Starset;Альтернатива, Инди;Жанр
358;Stereophonics;Альтернатива, Инди;Жанр
359;Stone Temple Pilots;Альтернатива, Инди;Жанр
360;Suede;Альтернатива, Инди;Жанр
361;Switchfoot;Альтернатива, Инди;Жанр
362;Tame Impala;Альтернатива, Инди;Жанр
363;Texas;Альтернатива, Инди;Жанр
364;The 1975;Альтернатива, Инди;Жанр
365;The Calling;Альтернатива, Инди;Жанр
366;The Cranberries;Альтернатива, Инди;Жанр
367;The Fray;Альтернатива, Инди;Жанр
368;The Killers;Альтернатива, Инди;Жанр
369;The Kills;Альтернатива, Инди;Жанр
370;The Kooks;Альтернатива, Инди;Жанр
371;The Libertines;Альтернатива, Инди;Жанр
372;The Lumineers;Альтернатива, Инди;Жанр
373;The Neighbourhood;Альтернатива, Инди;Жанр
374;Theory Of A Deadman;Альтернатива, Инди;Жанр
375;The Pretty Reckless;Альтернатива, Инди;Жанр
376;The Rasmus;Альтернатива, Инди;Жанр
377;The Score;Альтернатива, Инди;Жанр
378;The Seventh Season;Альтернатива, Инди;Жанр
379;The Smashing Pumpkins;Альтернатива, Инди;Жанр
380;The Smiths;Альтернатива, Инди;Жанр
381;The Sounds;Альтернатива, Инди;Жанр
382;The Stone Roses;Альтернатива, Инди;Жанр
383;The Strokes;Альтернатива, Инди;Жанр
384;The Strumbellas;Альтернатива, Инди;Жанр
385;The Sugarcubes;Альтернатива, Инди;Жанр
386;The Verve;Альтернатива, Инди;Жанр
387;The Verve Pipe;Альтернатива, Инди;Жанр
388;The Wallflowers;Альтернатива, Инди;Жанр
389;The xx;Альтернатива, Инди;Жанр
390;Third Eye Blind;Альтернатива, Инди;Жанр
391;Thirty Seconds to Mars;Альтернатива, Инди;Жанр
392;Thousand Foot Krutch;Альтернатива, Инди;Жанр
393;Three Days Grace;Альтернатива, Инди;Жанр
394;Toploader;Альтернатива, Инди;Жанр
395;Total;Альтернатива, Инди;Жанр
396;Travis;Альтернатива, Инди;Жанр
397;twenty one pilots;Альтернатива, Инди;Жанр
398;Two Door Cinema Club;Альтернатива, Инди;Жанр
399;U2;Альтернатива, Инди;Жанр
400;Urge Overkill;Альтернатива, Инди;Жанр
401;Vampire Weekend;Альтернатива, Инди;Жанр
402;Walking On Cars;Альтернатива, Инди;Жанр
403;White Lies;Альтернатива, Инди;Жанр
404;Wild Strawberries;Альтернатива, Инди;Жанр
405;X Ambassadors;Альтернатива, Инди;Жанр
406;Yeah Yeah Yeahs;Альтернатива, Инди;Жанр
407;АукцЫон;Альтернатива, Инди;Жанр
408;Би-2;Альтернатива, Инди;Жанр
409;Земфира;Альтернатива, Инди;Жанр
410;Кристина Кошелева;Альтернатива, Инди;Жанр
411;Курара;Альтернатива, Инди;Жанр
412;Максим Свобода;Альтернатива, Инди;Жанр
413;Мёртвые Дельфины;Альтернатива, Инди;Жанр
414;Мумий Тролль;Альтернатива, Инди;Жанр
415;Мы;Альтернатива, Инди;Жанр
416;МЭD DОГ;Альтернатива, Инди;Жанр
417;Ногу свело!;Альтернатива, Инди;Жанр
418;Ночные Снайперы;Альтернатива, Инди;Жанр
419;Океан Ельзи;Альтернатива, Инди;Жанр
420;Пилот;Альтернатива, Инди;Жанр
421;Смысловые Галлюцинации;Альтернатива, Инди;Жанр
422;Сплин;Альтернатива, Инди;Жанр
423;Танцы Минус;Альтернатива, Инди;Жанр
424;Чичерина;Альтернатива, Инди;Жанр
425;55x55;\N;Блогеры
426;Enjoykin;\N;Блогеры
427;LayedBak;\N;Блогеры
428;PewDiePie;\N;Блогеры
429;Satyr;\N;Блогеры
430;SOBOLEV;\N;Блогеры
431;Utopia Show;\N;Блогеры
432;ЛАРИН;\N;Блогеры
433;МС ХОВАНСКИЙ;\N;Блогеры
434;Сибирский;\N;Блогеры
435;B.B. King;Блюз;Жанр
436;Etta James;Блюз;Жанр
437;John Lee Hooker;Блюз;Жанр
438;Lead Belly;Блюз;Жанр
439;Ma Rainey;Блюз;Жанр
440;Muddy Waters;Блюз;Жанр
441;Ариэль;ВИА;Жанр
442;Верасы;ВИА;Жанр
443;Весёлые ребята;ВИА;Жанр
444;Добры Молодцы;ВИА;Жанр
445;Земляне;ВИА;Жанр
446;Лейся, песня;ВИА;Жанр
447;Песняры;ВИА;Жанр
448;Пламя;ВИА;Жанр
449;Поющие гитары;ВИА;Жанр
450;Самоцветы;ВИА;Жанр
451;Синяя птица;ВИА;Жанр
452;Boyz II Men;Вокальная музыка;Жанр
453;Harold Melvin & The Blue Notes;Вокальная музыка;Жанр
454;Solomon Linda's Original Evening Birds;Вокальная музыка;Жанр
455;The Chi-Lites;Вокальная музыка;Жанр
456;The Chordettes;Вокальная музыка;Жанр
457;The Delfonics;Вокальная музыка;Жанр
458;The Drifters;Вокальная музыка;Жанр
459;The Five Satins;Вокальная музыка;Жанр
460;The Impressions;Вокальная музыка;Жанр
461;The Manhattans;Вокальная музыка;Жанр
462;The Temptations;Вокальная музыка;Жанр
463;The Tokens;Вокальная музыка;Жанр
464;The Top Notes;Вокальная музыка;Жанр
465;Billie Holiday;Джаз;Жанр
466;Bing Crosby;Джаз;Жанр
467;Bobby McFerrin;Джаз;Жанр
468;Dean Martin;Джаз;Жанр
469;Ella Fitzgerald;Джаз;Жанр
470;Frank Sinatra;Джаз;Жанр
471;Glenn Miller & His Orchestra;Джаз;Жанр
472;Julie London;Джаз;Жанр
473;Louis Armstrong;Джаз;Жанр
474;Marilyn Monroe;Джаз;Жанр
475;Michael Bublé;Джаз;Жанр
476;Nat King Cole;Джаз;Жанр
477;Perry Como;Джаз;Жанр
478;Renato Carosone;Джаз;Жанр
479;Sammy Davis Jr.;Джаз;Жанр
480;Scatman John;Джаз;Жанр
481;2CELLOS;\N;Каверы
482;David Garrett;\N;Каверы
483;Richard Cheese;\N;Каверы
484;Billy Ray Cyrus;Кантри;Жанр
485;Blake Shelton;Кантри;Жанр
486;Bobby Helms;Кантри;Жанр
487;Brooks & Dunn;Кантри;Жанр
488;Carrie Underwood;Кантри;Жанр
489;Chris Stapleton;Кантри;Жанр
490;Dan + Shay;Кантри;Жанр
491;David Allan Coe;Кантри;Жанр
492;Dolly Parton;Кантри;Жанр
493;Easton Corbin;Кантри;Жанр
494;Elle King;Кантри;Жанр
495;Eric Church;Кантри;Жанр
496;Florida Georgia Line;Кантри;Жанр
497;Garth Brooks;Кантри;Жанр
498;HA-ASH;Кантри;Жанр
499;Hank Williams;Кантри;Жанр
500;Hootie & The Blowfish;Кантри;Жанр
501;Jimmie Davis;Кантри;Жанр
502;John Denver;Кантри;Жанр
503;Johnny Cash;Кантри;Жанр
504;Josh Abbott Band;Кантри;Жанр
505;Keith Urban;Кантри;Жанр
506;Kenny Chesney;Кантри;Жанр
507;Kenny Rogers;Кантри;Жанр
508;Lady Antebellum;Кантри;Жанр
509;Little Big Town;Кантри;Жанр
510;Luke Bryan;Кантри;Жанр
511;Luke Combs;Кантри;Жанр
512;Michel Teló;Кантри;Жанр
513;Old Crow Medicine Show;Кантри;Жанр
514;Shania Twain;Кантри;Жанр
515;Tennessee Ernie Ford;Кантри;Жанр
516;The Everly Brothers;Кантри;Жанр
517;The McCain Brothers;Кантри;Жанр
518;Thomas Rhett;Кантри;Жанр
519;Tim McGraw;Кантри;Жанр
520;Walker Hayes;Кантри;Жанр
521;Mike Oldfield;\N;Композиторы
522;Vangelis;\N;Композиторы
523;Василий Агапкин;\N;Композиторы
524;Dick Dale;Легкая, Инструментальная музыка;Жанр
525;Enigma;Легкая, Инструментальная музыка;Жанр
526;Enya;Легкая, Инструментальная музыка;Жанр
527;Era;Легкая, Инструментальная музыка;Жанр
528;Gregorian;Легкая, Инструментальная музыка;Жанр
529;Joe Satriani;Легкая, Инструментальная музыка;Жанр
530;Lindsey Stirling;Легкая, Инструментальная музыка;Жанр
531;Space;Легкая, Инструментальная музыка;Жанр
532;The Tornadoes;Легкая, Инструментальная музыка;Жанр
533;The Tornados;Легкая, Инструментальная музыка;Жанр
534;ДиДюЛя;Легкая, Инструментальная музыка;Жанр
535;10 Years;Метал, Ню-метал, Металкор;Жанр
536;3TEETH;Метал, Ню-метал, Металкор;Жанр
537;Accept;Метал, Ню-метал, Металкор;Жанр
538;Alestorm;Метал, Ню-метал, Металкор;Жанр
539;Alice Cooper;Метал, Ню-метал, Металкор;Жанр
540;Alien Ant Farm;Метал, Ню-метал, Металкор;Жанр
541;All That Remains;Метал, Ню-метал, Металкор;Жанр
542;Amaranthe;Метал, Ню-метал, Металкор;Жанр
543;[Amatory];Метал, Ню-метал, Металкор;Жанр
544;Amon Amarth;Метал, Ню-метал, Металкор;Жанр
545;Anthrax;Метал, Ню-метал, Металкор;Жанр
546;Apocalyptica;Метал, Ню-метал, Металкор;Жанр
547;Arch Enemy;Метал, Ню-метал, Металкор;Жанр
548;Architects;Метал, Ню-метал, Металкор;Жанр
549;As I Lay Dying;Метал, Ню-метал, Металкор;Жанр
550;Asking Alexandria;Метал, Ню-метал, Металкор;Жанр
551;Attila;Метал, Ню-метал, Металкор;Жанр
552;August Burns Red;Метал, Ню-метал, Металкор;Жанр
553;Avenged Sevenfold;Метал, Ню-метал, Металкор;Жанр
554;Babymetal;Метал, Ню-метал, Металкор;Жанр
555;Bad Omens;Метал, Ню-метал, Металкор;Жанр
556;Bad Wolves;Метал, Ню-метал, Металкор;Жанр
557;Beartooth;Метал, Ню-метал, Металкор;Жанр
558;Beast In Black;Метал, Ню-метал, Металкор;Жанр
559;Black Label Society;Метал, Ню-метал, Металкор;Жанр
560;Black Sabbath;Метал, Ню-метал, Металкор;Жанр
561;Black Veil Brides;Метал, Ню-метал, Металкор;Жанр
562;Bloodywood;Метал, Ню-метал, Металкор;Жанр
563;Breaking Benjamin;Метал, Ню-метал, Металкор;Жанр
564;Bring Me The Horizon;Метал, Ню-метал, Металкор;Жанр
565;Bullet For My Valentine;Метал, Ню-метал, Металкор;Жанр
566;Bury Tomorrow;Метал, Ню-метал, Металкор;Жанр
567;Burzum;Метал, Ню-метал, Металкор;Жанр
568;Celldweller;Метал, Ню-метал, Металкор;Жанр
569;Chevelle;Метал, Ню-метал, Металкор;Жанр
570;Children Of Bodom;Метал, Ню-метал, Металкор;Жанр
571;Cinderella;Метал, Ню-метал, Металкор;Жанр
572;Coal Chamber;Метал, Ню-метал, Металкор;Жанр
573;Cradle Of Filth;Метал, Ню-метал, Металкор;Жанр
574;Crazy Town;Метал, Ню-метал, Металкор;Жанр
575;Crossfade;Метал, Ню-метал, Металкор;Жанр
576;Crossfaith;Метал, Ню-метал, Металкор;Жанр
577;dArtagnan;Метал, Ню-метал, Металкор;Жанр
578;Dead by April;Метал, Ню-метал, Металкор;Жанр
579;Death;Метал, Ню-метал, Металкор;Жанр
580;Defiler;Метал, Ню-метал, Металкор;Жанр
581;Def Leppard;Метал, Ню-метал, Металкор;Жанр
582;Deftones;Метал, Ню-метал, Металкор;Жанр
583;Dio;Метал, Ню-метал, Металкор;Жанр
584;Disturbed;Метал, Ню-метал, Металкор;Жанр
585;Dokken;Метал, Ню-метал, Металкор;Жанр
586;Dope;Метал, Ню-метал, Металкор;Жанр
587;DragonForce;Метал, Ню-метал, Металкор;Жанр
588;Dream Theater;Метал, Ню-метал, Металкор;Жанр
589;Drowning Pool;Метал, Ню-метал, Металкор;Жанр
590;Eisbrecher;Метал, Ню-метал, Металкор;Жанр
591;Electric Callboy;Метал, Ню-метал, Металкор;Жанр
592;Element Eighty;Метал, Ню-метал, Металкор;Жанр
593;Eluveitie;Метал, Ню-метал, Металкор;Жанр
594;Enter Shikari;Метал, Ню-метал, Металкор;Жанр
595;Epica;Метал, Ню-метал, Металкор;Жанр
596;Evanescence;Метал, Ню-метал, Металкор;Жанр
597;Extreme;Метал, Ню-метал, Металкор;Жанр
598;Faith No More;Метал, Ню-метал, Металкор;Жанр
599;Falling In Reverse;Метал, Ню-метал, Металкор;Жанр
600;Famous Last Words;Метал, Ню-метал, Металкор;Жанр
601;Firehouse;Метал, Ню-метал, Металкор;Жанр
602;Five Finger Death Punch;Метал, Ню-метал, Металкор;Жанр
603;Flyleaf;Метал, Ню-метал, Металкор;Жанр
604;Fozzy;Метал, Ню-метал, Металкор;Жанр
605;From Ashes to New;Метал, Ню-метал, Металкор;Жанр
606;Ghost;Метал, Ню-метал, Металкор;Жанр
607;Godsmack;Метал, Ню-метал, Металкор;Жанр
608;Guano Apes;Метал, Ню-метал, Металкор;Жанр
609;Haste The Day;Метал, Ню-метал, Металкор;Жанр
610;Helloween;Метал, Ню-метал, Металкор;Жанр
611;HIM;Метал, Ню-метал, Металкор;Жанр
612;Hollywood Undead;Метал, Ню-метал, Металкор;Жанр
613;Horse the Band;Метал, Ню-метал, Металкор;Жанр
614;Iced Earth;Метал, Ню-метал, Металкор;Жанр
615;Ice Nine Kills;Метал, Ню-метал, Металкор;Жанр
616;Igorrr;Метал, Ню-метал, Металкор;Жанр
617;In Flames;Метал, Ню-метал, Металкор;Жанр
618;In This Moment;Метал, Ню-метал, Металкор;Жанр
619;I Prevail;Метал, Ню-метал, Металкор;Жанр
620;Iron Maiden;Метал, Ню-метал, Металкор;Жанр
621;I See Stars;Метал, Ню-метал, Металкор;Жанр
622;Jinjer;Метал, Ню-метал, Металкор;Жанр
623;Judas Priest;Метал, Ню-метал, Металкор;Жанр
624;Kamelot;Метал, Ню-метал, Металкор;Жанр
625;Killing Joke;Метал, Ню-метал, Металкор;Жанр
626;Killswitch Engage;Метал, Ню-метал, Металкор;Жанр
627;King's X;Метал, Ню-метал, Металкор;Жанр
628;Kiss;Метал, Ню-метал, Металкор;Жанр
629;Korn;Метал, Ню-метал, Металкор;Жанр
630;Korpiklaani;Метал, Ню-метал, Металкор;Жанр
631;LADYBABY;Метал, Ню-метал, Металкор;Жанр
632;Limp Bizkit;Метал, Ню-метал, Металкор;Жанр
633;Linkin Park;Метал, Ню-метал, Металкор;Жанр
634;Lordi;Метал, Ню-метал, Металкор;Жанр
635;LOUNA;Метал, Ню-метал, Металкор;Жанр
636;Manowar;Метал, Ню-метал, Металкор;Жанр
637;Marilyn Manson;Метал, Ню-метал, Металкор;Жанр
638;Mayhem;Метал, Ню-метал, Металкор;Жанр
639;Megadeth;Метал, Ню-метал, Металкор;Жанр
640;Metallica;Метал, Ню-метал, Металкор;Жанр
641;Ministry;Метал, Ню-метал, Металкор;Жанр
642;Motionless In White;Метал, Ню-метал, Металкор;Жанр
643;Mötley Crüe;Метал, Ню-метал, Металкор;Жанр
644;Motörhead;Метал, Ню-метал, Металкор;Жанр
645;Mudvayne;Метал, Ню-метал, Металкор;Жанр
646;Mushroomhead;Метал, Ню-метал, Металкор;Жанр
647;Napalm Death;Метал, Ню-метал, Металкор;Жанр
648;Neverlove;Метал, Ню-метал, Металкор;Жанр
649;Nightwish;Метал, Ню-метал, Металкор;Жанр
650;Nine Inch Nails;Метал, Ню-метал, Металкор;Жанр
651;Norma Jean;Метал, Ню-метал, Металкор;Жанр
652;Nothing More;Метал, Ню-метал, Металкор;Жанр
653;Of Mice & Men;Метал, Ню-метал, Металкор;Жанр
654;Oomph!;Метал, Ню-метал, Металкор;Жанр
655;Pain;Метал, Ню-метал, Металкор;Жанр
656;Pantera;Метал, Ню-метал, Металкор;Жанр
657;Papa Roach;Метал, Ню-метал, Металкор;Жанр
658;Paradise Lost;Метал, Ню-метал, Металкор;Жанр
659;Pleymo;Метал, Ню-метал, Металкор;Жанр
660;P.O.D.;Метал, Ню-метал, Металкор;Жанр
661;Poison;Метал, Ню-метал, Металкор;Жанр
662;Poppy;Метал, Ню-метал, Металкор;Жанр
663;Powerman 5000;Метал, Ню-метал, Металкор;Жанр
664;Powerwolf;Метал, Ню-метал, Металкор;Жанр
665;Primus;Метал, Ню-метал, Металкор;Жанр
666;Queensrÿche;Метал, Ню-метал, Металкор;Жанр
667;Quiet Riot;Метал, Ню-метал, Металкор;Жанр
668;RADIO TAPOK;Метал, Ню-метал, Металкор;Жанр
669;Rage Against The Machine;Метал, Ню-метал, Металкор;Жанр
670;Rammstein;Метал, Ню-метал, Металкор;Жанр
671;RAVANNA;Метал, Ню-метал, Металкор;Жанр
672;Reckless Love;Метал, Ню-метал, Металкор;Жанр
673;Rob Zombie;Метал, Ню-метал, Металкор;Жанр
674;Sabaton;Метал, Ню-метал, Металкор;Жанр
675;Saliva;Метал, Ню-метал, Металкор;Жанр
676;Sick Puppies;Метал, Ню-метал, Металкор;Жанр
677;Skid Row;Метал, Ню-метал, Металкор;Жанр
678;Skillet;Метал, Ню-метал, Металкор;Жанр
679;Skindred;Метал, Ню-метал, Металкор;Жанр
680;Slaughter;Метал, Ню-метал, Металкор;Жанр
681;Slaughter to Prevail;Метал, Ню-метал, Металкор;Жанр
682;Slayer;Метал, Ню-метал, Металкор;Жанр
683;Sleep;Метал, Ню-метал, Металкор;Жанр
684;Slipknot;Метал, Ню-метал, Металкор;Жанр
685;Stabbing Westward;Метал, Ню-метал, Металкор;Жанр
686;Staind;Метал, Ню-метал, Металкор;Жанр
687;Static-X;Метал, Ню-метал, Металкор;Жанр
688;Steel Panther;Метал, Ню-метал, Металкор;Жанр
689;Stigmata;Метал, Ню-метал, Металкор;Жанр
690;Suicidal Tendencies;Метал, Ню-метал, Металкор;Жанр
691;Suicide Silence;Метал, Ню-метал, Металкор;Жанр
692;System of a Down;Метал, Ню-метал, Металкор;Жанр
693;Taproot;Метал, Ню-метал, Металкор;Жанр
694;The 69 Eyes;Метал, Ню-метал, Металкор;Жанр
695;The Chariot;Метал, Ню-метал, Металкор;Жанр
696;The Darkness;Метал, Ню-метал, Металкор;Жанр
697;The Dillinger Escape Plan;Метал, Ню-метал, Металкор;Жанр
698;The HU;Метал, Ню-метал, Металкор;Жанр
699;Tool;Метал, Ню-метал, Металкор;Жанр
700;Trapt;Метал, Ню-метал, Металкор;Жанр
701;Trivium;Метал, Ню-метал, Металкор;Жанр
702;TRUSTcompany;Метал, Ню-метал, Металкор;Жанр
703;Type O Negative;Метал, Ню-метал, Металкор;Жанр
704;Venom;Метал, Ню-метал, Металкор;Жанр
705;Volbeat;Метал, Ню-метал, Металкор;Жанр
706;Warrant;Метал, Ню-метал, Металкор;Жанр
707;We Came As Romans;Метал, Ню-метал, Металкор;Жанр
708;White Lion;Метал, Ню-метал, Металкор;Жанр
709;Wildways;Метал, Ню-метал, Металкор;Жанр
710;Within Temptation;Метал, Ню-метал, Металкор;Жанр
711;Ария;Метал, Ню-метал, Металкор;Жанр
712;Коррозия металла;Метал, Ню-метал, Металкор;Жанр
713;Психея;Метал, Ню-метал, Металкор;Жанр
714;Северный флот;Метал, Ню-метал, Металкор;Жанр
715;СЛОТ;Метал, Ню-метал, Металкор;Жанр
716;Чёрный Обелиск;Метал, Ню-метал, Металкор;Жанр
717;Эпидемия;Метал, Ню-метал, Металкор;Жанр
718;A Day To Remember;Панк, Эмо, Постхардкор;Жанр
719;AFI;Панк, Эмо, Постхардкор;Жанр
720;Against Me!;Панк, Эмо, Постхардкор;Жанр
721;Agnostic Front;Панк, Эмо, Постхардкор;Жанр
722;Alkaline Trio;Панк, Эмо, Постхардкор;Жанр
723;All Time Low;Панк, Эмо, Постхардкор;Жанр
724;American Hi-Fi;Панк, Эмо, Постхардкор;Жанр
725;Anti-Flag;Панк, Эмо, Постхардкор;Жанр
726;Avril Lavigne;Панк, Эмо, Постхардкор;Жанр
727;Bad Brains;Панк, Эмо, Постхардкор;Жанр
728;Bad Religion;Панк, Эмо, Постхардкор;Жанр
729;Beatsteaks;Панк, Эмо, Постхардкор;Жанр
730;Bikini Kill;Панк, Эмо, Постхардкор;Жанр
731;Billy Idol;Панк, Эмо, Постхардкор;Жанр
732;Billy Talent;Панк, Эмо, Постхардкор;Жанр
733;Black Flag;Панк, Эмо, Постхардкор;Жанр
734;blink-182;Панк, Эмо, Постхардкор;Жанр
735;Blondie;Панк, Эмо, Постхардкор;Жанр
736;Bloodhound Gang;Панк, Эмо, Постхардкор;Жанр
737;Bowling For Soup;Панк, Эмо, Постхардкор;Жанр
738;Boys Like Girls;Панк, Эмо, Постхардкор;Жанр
739;Brand New;Панк, Эмо, Постхардкор;Жанр
740;Buzzcocks;Панк, Эмо, Постхардкор;Жанр
741;Chumbawamba;Панк, Эмо, Постхардкор;Жанр
742;Chunk! No, Captain Chunk!;Панк, Эмо, Постхардкор;Жанр
743;Cobra Starship;Панк, Эмо, Постхардкор;Жанр
744;Cute Is What We Aim For;Панк, Эмо, Постхардкор;Жанр
745;Daniel Swisher;Панк, Эмо, Постхардкор;Жанр
746;Dead Kennedys;Панк, Эмо, Постхардкор;Жанр
747;Descendents;Панк, Эмо, Постхардкор;Жанр
748;Devo;Панк, Эмо, Постхардкор;Жанр
749;Die Ärzte;Панк, Эмо, Постхардкор;Жанр
750;Die Toten Hosen;Панк, Эмо, Постхардкор;Жанр
751;Dropkick Murphys;Панк, Эмо, Постхардкор;Жанр
752;Elastica;Панк, Эмо, Постхардкор;Жанр
753;Electric Six;Панк, Эмо, Постхардкор;Жанр
754;Fall Out Boy;Панк, Эмо, Постхардкор;Жанр
755;Fame on Fire;Панк, Эмо, Постхардкор;Жанр
756;FEVER 333;Панк, Эмо, Постхардкор;Жанр
757;Finch;Панк, Эмо, Постхардкор;Жанр
758;Fishbone;Панк, Эмо, Постхардкор;Жанр
759;Flogging Molly;Панк, Эмо, Постхардкор;Жанр
760;FLOW;Панк, Эмо, Постхардкор;Жанр
761;Fountains of Wayne;Панк, Эмо, Постхардкор;Жанр
762;Funeral For A Friend;Панк, Эмо, Постхардкор;Жанр
763;GG Allin;Панк, Эмо, Постхардкор;Жанр
764;Gogol Bordello;Панк, Эмо, Постхардкор;Жанр
765;Goldfinger;Панк, Эмо, Постхардкор;Жанр
766;Good Charlotte;Панк, Эмо, Постхардкор;Жанр
767;Green Day;Панк, Эмо, Постхардкор;Жанр
768;Hot Water Music;Панк, Эмо, Постхардкор;Жанр
769;Jimmy Eat World;Панк, Эмо, Постхардкор;Жанр
770;Joy Division;Панк, Эмо, Постхардкор;Жанр
771;Less Than Jake;Панк, Эмо, Постхардкор;Жанр
772;LiSA;Панк, Эмо, Постхардкор;Жанр
773;Lit;Панк, Эмо, Постхардкор;Жанр
774;Long Beach Dub Allstars;Панк, Эмо, Постхардкор;Жанр
775;Lumen;Панк, Эмо, Постхардкор;Жанр
776;Lustra;Панк, Эмо, Постхардкор;Жанр
777;Marianas Trench;Панк, Эмо, Постхардкор;Жанр
778;Masaaki Endoh;Панк, Эмо, Постхардкор;Жанр
779;Mayday Parade;Панк, Эмо, Постхардкор;Жанр
780;MC5;Панк, Эмо, Постхардкор;Жанр
781;Metro Station;Панк, Эмо, Постхардкор;Жанр
782;mewithoutYou;Панк, Эмо, Постхардкор;Жанр
783;Millencolin;Панк, Эмо, Постхардкор;Жанр
784;Mindless Self Indulgence;Панк, Эмо, Постхардкор;Жанр
785;Misfits;Панк, Эмо, Постхардкор;Жанр
786;Motion City Soundtrack;Панк, Эмо, Постхардкор;Жанр
787;MxPx;Панк, Эмо, Постхардкор;Жанр
788;My Chemical Romance;Панк, Эмо, Постхардкор;Жанр
789;MY FIRST STORY;Панк, Эмо, Постхардкор;Жанр
790;Nano;Панк, Эмо, Постхардкор;Жанр
791;Neck Deep;Панк, Эмо, Постхардкор;Жанр
792;NENA;Панк, Эмо, Постхардкор;Жанр
793;New Found Glory;Панк, Эмо, Постхардкор;Жанр
794;New York Dolls;Панк, Эмо, Постхардкор;Жанр
795;Nina Hagen;Панк, Эмо, Постхардкор;Жанр
796;No Doubt;Панк, Эмо, Постхардкор;Жанр
797;NOFX;Панк, Эмо, Постхардкор;Жанр
798;ONE OK ROCK;Панк, Эмо, Постхардкор;Жанр
799;Our Last Night;Панк, Эмо, Постхардкор;Жанр
800;Paramore;Панк, Эмо, Постхардкор;Жанр
801;Peaches;Панк, Эмо, Постхардкор;Жанр
802;Pennywise;Панк, Эмо, Постхардкор;Жанр
803;Pierce The Veil;Панк, Эмо, Постхардкор;Жанр
804;Plain White T's;Панк, Эмо, Постхардкор;Жанр
805;Plasmatics;Панк, Эмо, Постхардкор;Жанр
806;Pussy Riot;Панк, Эмо, Постхардкор;Жанр
807;Ramones;Панк, Эмо, Постхардкор;Жанр
808;Rancid;Панк, Эмо, Постхардкор;Жанр
809;Reel Big Fish;Панк, Эмо, Постхардкор;Жанр
810;Rise Against;Панк, Эмо, Постхардкор;Жанр
811;Rites of Spring;Панк, Эмо, Постхардкор;Жанр
812;Saosin;Панк, Эмо, Постхардкор;Жанр
813;Senses Fail;Панк, Эмо, Постхардкор;Жанр
814;Sex Pistols;Панк, Эмо, Постхардкор;Жанр
815;SiM;Панк, Эмо, Постхардкор;Жанр
816;Simple Plan;Панк, Эмо, Постхардкор;Жанр
817;Siouxsie And The Banshees;Панк, Эмо, Постхардкор;Жанр
818;Skids;Панк, Эмо, Постхардкор;Жанр
819;Sleeping With Sirens;Панк, Эмо, Постхардкор;Жанр
820;Social Distortion;Панк, Эмо, Постхардкор;Жанр
821;SR-71;Панк, Эмо, Постхардкор;Жанр
822;Stance Punks;Панк, Эмо, Постхардкор;Жанр
823;Story Of The Year;Панк, Эмо, Постхардкор;Жанр
824;Sublime;Панк, Эмо, Постхардкор;Жанр
825;Sum 41;Панк, Эмо, Постхардкор;Жанр
826;Sunny Day Real Estate;Панк, Эмо, Постхардкор;Жанр
827;Taking Back Sunday;Панк, Эмо, Постхардкор;Жанр
828;Talking Heads;Панк, Эмо, Постхардкор;Жанр
829;The Academy Is…;Панк, Эмо, Постхардкор;Жанр
830;The All-American Rejects;Панк, Эмо, Постхардкор;Жанр
831;The Ataris;Панк, Эмо, Постхардкор;Жанр
832;The B-52's;Панк, Эмо, Постхардкор;Жанр
833;The Cab;Панк, Эмо, Постхардкор;Жанр
834;The Casualties;Панк, Эмо, Постхардкор;Жанр
835;The Clash;Панк, Эмо, Постхардкор;Жанр
836;The Cure;Панк, Эмо, Постхардкор;Жанр
837;The Damned;Панк, Эмо, Постхардкор;Жанр
838;The Exploited;Панк, Эмо, Постхардкор;Жанр
839;The Hatters;Панк, Эмо, Постхардкор;Жанр
840;The Offspring;Панк, Эмо, Постхардкор;Жанр
841;The Real McKenzies;Панк, Эмо, Постхардкор;Жанр
842;The Red Jumpsuit Apparatus;Панк, Эмо, Постхардкор;Жанр
843;The Rumjacks;Панк, Эмо, Постхардкор;Жанр
844;The Runaways;Панк, Эмо, Постхардкор;Жанр
845;The Sisters of Mercy;Панк, Эмо, Постхардкор;Жанр
846;The Starting Line;Панк, Эмо, Постхардкор;Жанр
847;The Stooges;Панк, Эмо, Постхардкор;Жанр
848;The Undertones;Панк, Эмо, Постхардкор;Жанр
849;The Used;Панк, Эмо, Постхардкор;Жанр
850;Thursday;Панк, Эмо, Постхардкор;Жанр
851;Tokio Hotel;Панк, Эмо, Постхардкор;Жанр
852;Vanilla Sky;Панк, Эмо, Постхардкор;Жанр
853;Weezer;Панк, Эмо, Постхардкор;Жанр
854;Wheatus;Панк, Эмо, Постхардкор;Жанр
855;Yellowcard;Панк, Эмо, Постхардкор;Жанр
856;Yum!Yum!Orange;Панк, Эмо, Постхардкор;Жанр
857;YUNGBLUD;Панк, Эмо, Постхардкор;Жанр
858;Zebrahead;Панк, Эмо, Постхардкор;Жанр
859;Автоматические Удовлетворители;Панк, Эмо, Постхардкор;Жанр
860;Влажность;Панк, Эмо, Постхардкор;Жанр
861;Гражданская оборона;Панк, Эмо, Постхардкор;Жанр
862;Джизус;Панк, Эмо, Постхардкор;Жанр
863;досвидошь;Панк, Эмо, Постхардкор;Жанр
864;Йорш;Панк, Эмо, Постхардкор;Жанр
865;КняZz;Панк, Эмо, Постхардкор;Жанр
866;Кожаный Олень;Панк, Эмо, Постхардкор;Жанр
867;Король и Шут;Панк, Эмо, Постхардкор;Жанр
868;Кукрыниксы;Панк, Эмо, Постхардкор;Жанр
869;Леприконсы;Панк, Эмо, Постхардкор;Жанр
870;Ляпис Трубецкой;Панк, Эмо, Постхардкор;Жанр
871;Метель;Панк, Эмо, Постхардкор;Жанр
872;Монгол Шуудан;Панк, Эмо, Постхардкор;Жанр
873;МУККА;Панк, Эмо, Постхардкор;Жанр
874;НАИВ;Панк, Эмо, Постхардкор;Жанр
875;Нервы;Панк, Эмо, Постхардкор;Жанр
876;НОМ;Панк, Эмо, Постхардкор;Жанр
877;Порнофильмы;Панк, Эмо, Постхардкор;Жанр
878;Пошлая Молли;Панк, Эмо, Постхардкор;Жанр
879;Сектор Газа;Панк, Эмо, Постхардкор;Жанр
880;Соломенные Еноты;Панк, Эмо, Постхардкор;Жанр
881;Тараканы!;Панк, Эмо, Постхардкор;Жанр
882;ФРЕНДЗОНА;Панк, Эмо, Постхардкор;Жанр
883;Чёрный Лукич;Панк, Эмо, Постхардкор;Жанр
884;Элизиум;Панк, Эмо, Постхардкор;Жанр
885;#2Маши;Поп;Жанр
886;Afric Simone;Поп;Жанр
887;AKB48;Поп;Жанр
888;ALEKSEEV;Поп;Жанр
889;Alizée;Поп;Жанр
890;Anna Kendrick;Поп;Жанр
891;Anne-Marie;Поп;Жанр
892;Arash;Поп;Жанр
893;Ariana Grande;Поп;Жанр
894;A.R. Rahman;Поп;Жанр
895;Artik & Asti;Поп;Жанр
896;A'Studio;Поп;Жанр
897;Ava Max;Поп;Жанр
898;Backstreet Boys;Поп;Жанр
899;Barry Ryan;Поп;Жанр
900;Bella Poarch;Поп;Жанр
901;Blue;Поп;Жанр
902;Bobby Vinton;Поп;Жанр
903;Boyzone;Поп;Жанр
904;Britney Spears;Поп;Жанр
905;Carrapicho;Поп;Жанр
906;Celine Dion;Поп;Жанр
907;Cheb Mami;Поп;Жанр
908;Cher Lloyd;Поп;Жанр
909;Christina Aguilera;Поп;Жанр
910;Claude François;Поп;Жанр
911;Dabro;Поп;Жанр
912;Dana International;Поп;Жанр
913;Demi Lovato;Поп;Жанр
914;Dua Lipa;Поп;Жанр
915;ELMAN;Поп;Жанр
916;EMIN;Поп;Жанр
917;Enrique Iglesias;Поп;Жанр
918;Era Istrefi;Поп;Жанр
919;Fifth Harmony;Поп;Жанр
920;Five;Поп;Жанр
921;Galibri & Mavik;Поп;Жанр
922;Garou;Поп;Жанр
923;George Michael;Поп;Жанр
924;Gipsy Kings;Поп;Жанр
925;Glenn Medeiros;Поп;Жанр
926;Grup Abdal;Поп;Жанр
927;Hailee Steinfeld;Поп;Жанр
928;Helen Kane;Поп;Жанр
929;INNA;Поп;Жанр
930;Intocable;Поп;Жанр
931;Janet Jackson;Поп;Жанр
932;Jennifer Lopez;Поп;Жанр
933;Jessie J;Поп;Жанр
934;JONY;Поп;Жанр
935;Justin Bieber;Поп;Жанр
936;Kaoma;Поп;Жанр
937;Katy Perry;Поп;Жанр
938;KAZKA;Поп;Жанр
939;Kelly Clarkson;Поп;Жанр
940;Khaled;Поп;Жанр
941;Kumbia Kings;Поп;Жанр
942;Kylie Minogue;Поп;Жанр
943;Lady Gaga;Поп;Жанр
944;Lara Fabian;Поп;Жанр
945;Leona Lewis;Поп;Жанр
946;Lisa Lougheed;Поп;Жанр
947;Little Mix;Поп;Жанр
948;LOBODA;Поп;Жанр
949;Los Del Rio;Поп;Жанр
950;Los Kjarkas;Поп;Жанр
951;Lou Bega;Поп;Жанр
952;Luis Fonsi;Поп;Жанр
953;Mabel;Поп;Жанр
954;Madonna;Поп;Жанр
955;Maggie Reilly;Поп;Жанр
956;Marc Anthony;Поп;Жанр
957;Mariah Carey;Поп;Жанр
958;MBAND;Поп;Жанр
959;Michael Jackson;Поп;Жанр
960;Miley Cyrus;Поп;Жанр
961;MNEK;Поп;Жанр
962;MONATIK;Поп;Жанр
963;Morris Albert;Поп;Жанр
964;Nelly Furtado;Поп;Жанр
965;New Kids On The Block;Поп;Жанр
966;Nico & Vinz;Поп;Жанр
967;Noah Cyrus;Поп;Жанр
968;Nyusha;Поп;Жанр
969;O'Chi Brown;Поп;Жанр
970;One Direction;Поп;Жанр
971;Paris Hilton;Поп;Жанр
972;Peggy March;Поп;Жанр
973;Pentatonix;Поп;Жанр
974;Rauf & Faik;Поп;Жанр
975;Riccardo Del Turco;Поп;Жанр
976;Ricky Martin;Поп;Жанр
977;Rihanna;Поп;Жанр
978;Rita Ora;Поп;Жанр
979;Rockwell;Поп;Жанр
980;Sabrina Carpenter;Поп;Жанр
981;Scarlet Pleasure;Поп;Жанр
982;Selena;Поп;Жанр
983;Selena Gomez;Поп;Жанр
984;SEREBRO;Поп;Жанр
985;Shakira;Поп;Жанр
986;Shontelle;Поп;Жанр
987;Spice Girls;Поп;Жанр
988;Sugababes;Поп;Жанр
989;Taio Cruz;Поп;Жанр
990;Take That;Поп;Жанр
991;Tarkan;Поп;Жанр
992;The Millionaires;Поп;Жанр
993;The Pussycat Dolls;Поп;Жанр
994;The Wanted;Поп;Жанр
995;Titiyo;Поп;Жанр
996;Tobi King;Поп;Жанр
997;Toni Basil;Поп;Жанр
998;Union J;Поп;Жанр
999;Vanessa Hudgens;Поп;Жанр
1000;Westlife;Поп;Жанр
1001;Whitney Houston;Поп;Жанр
1002;Youssou N'Dour;Поп;Жанр
1003;Zara Larsson;Поп;Жанр
1004;Zivert;Поп;Жанр
1005;Айдамир Мугу;Поп;Жанр
1006;Александр Серов;Поп;Жанр
1007;Алексей Воробьёв;Поп;Жанр
1008;Алла Пугачёва;Поп;Жанр
1009;Анжелика Варум;Поп;Жанр
1010;Ани Лорак;Поп;Жанр
1011;Артём Качер;Поп;Жанр
1012;Артём Пивоваров;Поп;Жанр
1013;Артур Пирожков;Поп;Жанр
1014;Бабек Мамедрзаев;Поп;Жанр
1015;БАНД'ЭРОС;Поп;Жанр
1016;БиС;Поп;Жанр
1017;Божья Коровка;Поп;Жанр
1018;Валерий Леонтьев;Поп;Жанр
1019;Валерий Меладзе;Поп;Жанр
1020;Валерия;Поп;Жанр
1021;Вера Брежнева;Поп;Жанр
1022;Верка Сердючка;Поп;Жанр
1023;Винтаж;Поп;Жанр
1024;Владимир Пресняков;Поп;Жанр
1025;Время и Стекло;Поп;Жанр
1026;Гости из будущего;Поп;Жанр
1027;Дима Билан;Поп;Жанр
1028;Димаш Кудайберген;Поп;Жанр
1029;Дмитрий Маликов;Поп;Жанр
1030;Доминик Джокер;Поп;Жанр
1031;Егор Крид;Поп;Жанр
1032;Ёлка;Поп;Жанр
1033;Жанна Фриске;Поп;Жанр
1034;Женя Белоусов;Поп;Жанр
1035;Зара;Поп;Жанр
1036;Иванушки International;Поп;Жанр
1037;Игорь Скляр;Поп;Жанр
1038;Иосиф Кобзон;Поп;Жанр
1039;Ирина Аллегрова;Поп;Жанр
1040;Катя Лель;Поп;Жанр
1041;Клава Кока;Поп;Жанр
1042;Кола Бельды;Поп;Жанр
1043;Комбинация;Поп;Жанр
1044;Кристина Орбакайте;Поп;Жанр
1045;Лариса Долина;Поп;Жанр
1046;Лаурита;Поп;Жанр
1047;Лев Лещенко;Поп;Жанр
1048;Леонид Утёсов;Поп;Жанр
1049;Лолита;Поп;Жанр
1050;Люся Чеботина;Поп;Жанр
1051;Майя Кристалинская;Поп;Жанр
1052;МакSим;Поп;Жанр
1053;Макс Барских;Поп;Жанр
1054;Мари Краймбрери;Поп;Жанр
1055;Митя Фомин;Поп;Жанр
1056;Михаил Боярский;Поп;Жанр
1057;Миша Марвин;Поп;Жанр
1058;Мурат Тхагалегов;Поп;Жанр
1059;Муслим Магомаев;Поп;Жанр
1060;НА-НА;Поп;Жанр
1061;Натали;Поп;Жанр
1062;Наташа Королёва;Поп;Жанр
1063;НЕПАРА;Поп;Жанр
1064;Николай Басков;Поп;Жанр
1065;Николай Гнатюк;Поп;Жанр
1066;Олег Майами;Поп;Жанр
1067;Ольга Бузова;Поп;Жанр
1068;Оскар;Поп;Жанр
1069;Павел Михайлов;Поп;Жанр
1070;Полина Гагарина;Поп;Жанр
1071;Потап и Настя;Поп;Жанр
1072;Прохор Шаляпин;Поп;Жанр
1073;Пьер Нарцисс;Поп;Жанр
1074;Сергей Лазарев;Поп;Жанр
1075;Слава;Поп;Жанр
1076;София Ротару;Поп;Жанр
1077;Султан-Ураган;Поп;Жанр
1078;Таисия Повалий;Поп;Жанр
1079;Татьяна Овсиенко;Поп;Жанр
1080;Фактор 2;Поп;Жанр
1081;Филипп Киркоров;Поп;Жанр
1082;Фристайл;Поп;Жанр
1083;ХАБИБ;Поп;Жанр
1084;Ханна;Поп;Жанр
1085;Чай вдвоём;Поп;Жанр
1086;Чи-Ли;Поп;Жанр
1087;ЧП;Поп;Жанр
1088;Эдуард Хиль;Поп;Жанр
1089;Юлианна Караулова;Поп;Жанр
1090;Ярослав Евдокимов;Поп;Жанр
1091;5'nizza;Поп-рок;Жанр
1092;5 Seconds Of Summer;Поп-рок;Жанр
1093;Adam Lambert;Поп-рок;Жанр
1094;Adriano Celentano;Поп-рок;Жанр
1095;A Great Big World;Поп-рок;Жанр
1096;Air Supply;Поп-рок;Жанр
1097;American Authors;Поп-рок;Жанр
1098;Automatic Loveletter;Поп-рок;Жанр
1099;BANNERS;Поп-рок;Жанр
1100;Barry Manilow;Поп-рок;Жанр
1101;Bastille;Поп-рок;Жанр
1102;Bolland & Bolland;Поп-рок;Жанр
1103;Bonnie Tyler;Поп-рок;Жанр
1104;Carpenters;Поп-рок;Жанр
1105;Crowded House;Поп-рок;Жанр
1106;Cutting Crew;Поп-рок;Жанр
1107;Daryl Hall & John Oates;Поп-рок;Жанр
1108;DNCE;Поп-рок;Жанр
1109;Dwight Twilley Band;Поп-рок;Жанр
1110;Echosmith;Поп-рок;Жанр
1111;Elton John;Поп-рок;Жанр
1112;Fools Garden;Поп-рок;Жанр
1113;FREDERIC;Поп-рок;Жанр
1114;Genesis;Поп-рок;Жанр
1115;Hanson;Поп-рок;Жанр
1116;Icehouse;Поп-рок;Жанр
1117;INXS;Поп-рок;Жанр
1118;IOWA;Поп-рок;Жанр
1119;Jennifer Rush;Поп-рок;Жанр
1120;Juanes;Поп-рок;Жанр
1121;KANA-BOON;Поп-рок;Жанр
1122;Karla Devito;Поп-рок;Жанр
1123;Let's Active;Поп-рок;Жанр
1124;Lukas Graham;Поп-рок;Жанр
1125;MAGIC!;Поп-рок;Жанр
1126;Maroon 5;Поп-рок;Жанр
1127;Men At Work;Поп-рок;Жанр
1128;Michael Bolton;Поп-рок;Жанр
1129;Michael Sembello;Поп-рок;Жанр
1130;Mr. Mister;Поп-рок;Жанр
1131;Nek;Поп-рок;Жанр
1132;Oingo Boingo;Поп-рок;Жанр
1133;Olivia Newton-John;Поп-рок;Жанр
1134;OneRepublic;Поп-рок;Жанр
1135;Orange Juice;Поп-рок;Жанр
1136;Panic! At The Disco;Поп-рок;Жанр
1137;Pat Benatar;Поп-рок;Жанр
1138;PIZZA;Поп-рок;Жанр
1139;P!nk;Поп-рок;Жанр
1140;Quest Pistols;Поп-рок;Жанр
1141;R5;Поп-рок;Жанр
1142;RADWIMPS;Поп-рок;Жанр
1143;Reamonn;Поп-рок;Жанр
1144;Red 7;Поп-рок;Жанр
1145;Richard Marx;Поп-рок;Жанр
1146;Rixton;Поп-рок;Жанр
1147;Robbie Williams;Поп-рок;Жанр
1148;Roxette;Поп-рок;Жанр
1149;Savage Garden;Поп-рок;Жанр
1150;Simply Red;Поп-рок;Жанр
1151;Smash Mouth;Поп-рок;Жанр
1152;Sonny & Cher;Поп-рок;Жанр
1153;Stereopony;Поп-рок;Жанр
1154;Sunrise Avenue;Поп-рок;Жанр
1155;Ten Sharp;Поп-рок;Жанр
1156;The Bangles;Поп-рок;Жанр
1157;The Cardigans;Поп-рок;Жанр
1158;The Cars;Поп-рок;Жанр
1159;The Four Seasons;Поп-рок;Жанр
1160;The Go-Go's;Поп-рок;Жанр
1161;The Hooters;Поп-рок;Жанр
1162;The Knack;Поп-рок;Жанр
1163;The Monkees;Поп-рок;Жанр
1164;The Outfield;Поп-рок;Жанр
1165;The Police;Поп-рок;Жанр
1166;The Rembrandts;Поп-рок;Жанр
1167;The Rubinoos;Поп-рок;Жанр
1168;The Script;Поп-рок;Жанр
1169;The Vamps;Поп-рок;Жанр
1170;Tina Turner;Поп-рок;Жанр
1171;Train;Поп-рок;Жанр
1172;Uma2rman;Поп-рок;Жанр
1173;Братья Грим;Поп-рок;Жанр
1174;Бумбокс;Поп-рок;Жанр
1175;Високосный Год;Поп-рок;Жанр
1176;Город 312;Поп-рок;Жанр
1177;Градусы;Поп-рок;Жанр
1178;Звери;Поп-рок;Жанр
1179;Корни;Поп-рок;Жанр
1180;Моя Мишель;Поп-рок;Жанр
1181;НЭНСИ;Поп-рок;Жанр
1182;Anuel AA;Регги, Реггетон;Жанр
1183;Bad Bunny;Регги, Реггетон;Жанр
1184;Bob Marley;Регги, Реггетон;Жанр
1185;Daddy Yankee;Регги, Реггетон;Жанр
1186;Damian Marley;Регги, Реггетон;Жанр
1187;Don Omar;Регги, Реггетон;Жанр
1188;Dr. Alban;Регги, Реггетон;Жанр
1189;Inner Circle;Регги, Реггетон;Жанр
1190;J. Balvin;Регги, Реггетон;Жанр
1191;KAROL G;Регги, Реггетон;Жанр
1192;K'NAAN;Регги, Реггетон;Жанр
1193;Lord Creator;Регги, Реггетон;Жанр
1194;Lucenzo;Регги, Реггетон;Жанр
1195;Maluma;Регги, Реггетон;Жанр
1196;OMI;Регги, Реггетон;Жанр
1197;Sean Paul;Регги, Реггетон;Жанр
1198;Shaggy;Регги, Реггетон;Жанр
1199;Skip Marley;Регги, Реггетон;Жанр
1200;Snow;Регги, Реггетон;Жанр
1201;Stephen Marley;Регги, Реггетон;Жанр
1202;Tego Calderón;Регги, Реггетон;Жанр
1203;UB40;Регги, Реггетон;Жанр
1204;Wisin Y Yandel;Регги, Реггетон;Жанр
1205;10cc;Рок;Жанр
1206;AC-DC;Рок;Жанр
1207;Aerosmith;Рок;Жанр
1208;Alan Stivell;Рок;Жанр
1209;America;Рок;Жанр
1210;Arrows;Рок;Жанр
1211;Badfinger;Рок;Жанр
1212;Bill Haley & The Comets;Рок;Жанр
1213;Billy Joel;Рок;Жанр
1214;Blood, Sweat & Tears;Рок;Жанр
1215;Blue Öyster Cult;Рок;Жанр
1216;Bob Seger;Рок;Жанр
1217;Bo Diddley;Рок;Жанр
1218;Boffalongo;Рок;Жанр
1219;Bon Jovi;Рок;Жанр
1220;Boston;Рок;Жанр
1221;Bots;Рок;Жанр
1222;Bruce Springsteen;Рок;Жанр
1223;Bryan Adams;Рок;Жанр
1224;B'z;Рок;Жанр
1225;Carl Perkins;Рок;Жанр
1226;Chris Isaak;Рок;Жанр
1227;Chris Rea;Рок;Жанр
1228;Christie;Рок;Жанр
1229;Chuck Berry;Рок;Жанр
1230;Cold Chisel;Рок;Жанр
1231;Creedence Clearwater Revival;Рок;Жанр
1232;Dave Matthews Band;Рок;Жанр
1233;Deep Purple;Рок;Жанр
1234;Demis Roussos;Рок;Жанр
1235;Dire Straits;Рок;Жанр
1236;Eagles;Рок;Жанр
1237;Eddie Cochran;Рок;Жанр
1238;Electric Light Orchestra;Рок;Жанр
1239;Elvis Presley;Рок;Жанр
1240;Emerson, Lake & Palmer;Рок;Жанр
1241;Eric Clapton;Рок;Жанр
1242;Europe;Рок;Жанр
1243;Fats Domino;Рок;Жанр
1244;Fikret Kızılok;Рок;Жанр
1245;Fleetwood Mac;Рок;Жанр
1246;Foreigner;Рок;Жанр
1247;Frank Zappa;Рок;Жанр
1248;Frijid Pink;Рок;Жанр
1249;Gene Vincent;Рок;Жанр
1250;George Thorogood & The Destroyers;Рок;Жанр
1251;Golden Earring;Рок;Жанр
1252;Gorky Park;Рок;Жанр
1253;Grateful Dead;Рок;Жанр
1254;Greta Van Fleet;Рок;Жанр
1255;Guns N' Roses;Рок;Жанр
1256;Heart;Рок;Жанр
1257;Huey Lewis & The News;Рок;Жанр
1258;i-Ten;Рок;Жанр
1259;Janis Joplin;Рок;Жанр
1260;Jason Crest;Рок;Жанр
1261;Jefferson Airplane;Рок;Жанр
1262;Jerry Lee Lewis;Рок;Жанр
1263;Jim Steinman;Рок;Жанр
1264;Joe Cocker;Рок;Жанр
1265;John Mellencamp;Рок;Жанр
1266;John Parr;Рок;Жанр
1267;Journey;Рок;Жанр
1268;Kansas;Рок;Жанр
1269;Kid Rock;Рок;Жанр
1270;King Crimson;Рок;Жанр
1271;Led Zeppelin;Рок;Жанр
1272;Little Richard;Рок;Жанр
1273;Love;Рок;Жанр
1274;Lynyrd Skynyrd;Рок;Жанр
1275;Meat Loaf;Рок;Жанр
1276;Michael Stanley Band;Рок;Жанр
1277;Mott The Hoople;Рок;Жанр
1278;Mountain;Рок;Жанр
1279;Mr. Big;Рок;Жанр
1280;Mud;Рок;Жанр
1281;Mungo Jerry;Рок;Жанр
1282;Murat Kekilli;Рок;Жанр
1283;Nautilus Pompilius;Рок;Жанр
1284;Nazareth;Рок;Жанр
1285;Neil Young;Рок;Жанр
1286;New World;Рок;Жанр
1287;Nick Cave & The Bad Seeds;Рок;Жанр
1288;Omega;Рок;Жанр
1289;Peter, Paul and Mary;Рок;Жанр
1290;Pink Floyd;Рок;Жанр
1291;Procol Harum;Рок;Жанр
1292;Queen;Рок;Жанр
1293;Queens Of The Stone Age;Рок;Жанр
1294;Ram Jam;Рок;Жанр
1295;Redbone;Рок;Жанр
1296;REO Speedwagon;Рок;Жанр
1297;Ricky Nelson;Рок;Жанр
1298;Rod Stewart;Рок;Жанр
1299;Royal Blood;Рок;Жанр
1300;Roy Orbison;Рок;Жанр
1301;Rush;Рок;Жанр
1302;Santana;Рок;Жанр
1303;Scorpions;Рок;Жанр
1304;Shocking Blue;Рок;Жанр
1305;Simon & Garfunkel;Рок;Жанр
1306;Slade;Рок;Жанр
1307;Smokie;Рок;Жанр
1308;Spiderbait;Рок;Жанр
1309;Status Quo;Рок;Жанр
1310;Steppenwolf;Рок;Жанр
1311;Styx;Рок;Жанр
1312;Supertramp;Рок;Жанр
1313;Survivor;Рок;Жанр
1314;Sweet;Рок;Жанр
1315;Tenacious D;Рок;Жанр
1316;The Alan Parsons Project;Рок;Жанр
1317;The Animals;Рок;Жанр
1318;The Association;Рок;Жанр
1319;The Beach Boys;Рок;Жанр
1320;The Beatles;Рок;Жанр
1321;The Black Crowes;Рок;Жанр
1322;The Black Keys;Рок;Жанр
1323;The Bobby Fuller Four;Рок;Жанр
1324;The Byrds;Рок;Жанр
1325;The Crickets;Рок;Жанр
1326;The Cult;Рок;Жанр
1327;The Dead South;Рок;Жанр
1328;The Doors;Рок;Жанр
1329;The Flying Burrito Brothers;Рок;Жанр
1330;The Hollies;Рок;Жанр
1331;The Jimi Hendrix Experience;Рок;Жанр
1332;The Kinks;Рок;Жанр
1333;The Lovin' Spoonful;Рок;Жанр
1334;The Mamas & The Papas;Рок;Жанр
1335;The Moody Blues;Рок;Жанр
1336;The Poppy Family;Рок;Жанр
1337;The Pretenders;Рок;Жанр
1338;The Proclaimers;Рок;Жанр
1339;The Rolling Stones;Рок;Жанр
1340;The Sonics;Рок;Жанр
1341;The Strangeloves;Рок;Жанр
1342;The Subways;Рок;Жанр
1343;The Trashmen;Рок;Жанр
1344;The Velvet Underground;Рок;Жанр
1345;The White Stripes;Рок;Жанр
1346;The Who;Рок;Жанр
1347;The Zombies;Рок;Жанр
1348;Thin Lizzy;Рок;Жанр
1349;Tom Petty And The Heartbreakers;Рок;Жанр
1350;Toto;Рок;Жанр
1351;T. Rex;Рок;Жанр
1352;Turbowolf;Рок;Жанр
1353;Twisted Sister;Рок;Жанр
1354;Unheilig;Рок;Жанр
1355;Uriah Heep;Рок;Жанр
1356;Van Halen;Рок;Жанр
1357;Whitesnake;Рок;Жанр
1358;Yes;Рок;Жанр
1359;ZZ Top;Рок;Жанр
1360;Агата Кристи;Рок;Жанр
1361;Аквариум;Рок;Жанр
1362;Алиса;Рок;Жанр
1363;Браво;Рок;Жанр
1364;Валерий Сюткин;Рок;Жанр
1365;Владимир Кузьмин;Рок;Жанр
1366;Внезапный сыч;Рок;Жанр
1367;Воплi Вiдоплясова;Рок;Жанр
1368;Гарик Сукачёв;Рок;Жанр
1369;ДДТ;Рок;Жанр
1370;Декабрь;Рок;Жанр
1371;Звуки Му;Рок;Жанр
1372;Зоопарк;Рок;Жанр
1373;Кино;Рок;Жанр
1374;Машина времени;Рок;Жанр
1375;Мельница;Рок;Жанр
1376;Моральный Кодекс;Рок;Жанр
1377;Наргиз;Рок;Жанр
1378;Несчастный Случай;Рок;Жанр
1379;Ноль;Рок;Жанр
1380;Пелагея;Рок;Жанр
1381;Пикник;Рок;Жанр
1382;Рекорд Оркестр;Рок;Жанр
1383;Секрет;Рок;Жанр
1384;Сокол;Рок;Жанр
1385;ЧайФ;Рок;Жанр
1386;Чиж & Co;Рок;Жанр
1387;ABBA;Соул, Фанк, Диско;Жанр
1388;Adele;Соул, Фанк, Диско;Жанр
1389;Al Green;Соул, Фанк, Диско;Жанр
1390;Alicia Keys;Соул, Фанк, Диско;Жанр
1391;Aloe Blacc;Соул, Фанк, Диско;Жанр
1392;Amy Winehouse;Соул, Фанк, Диско;Жанр
1393;Aretha Franklin;Соул, Фанк, Диско;Жанр
1394;Avant;Соул, Фанк, Диско;Жанр
1395;Bee Gees;Соул, Фанк, Диско;Жанр
1396;Bobby Hebb;Соул, Фанк, Диско;Жанр
1397;Boney M.;Соул, Фанк, Диско;Жанр
1398;Brenton Wood;Соул, Фанк, Диско;Жанр
1399;Bruno Mars;Соул, Фанк, Диско;Жанр
1400;Cameo;Соул, Фанк, Диско;Жанр
1401;Chaka Khan;Соул, Фанк, Диско;Жанр
1402;Chic;Соул, Фанк, Диско;Жанр
1403;Deniece Williams;Соул, Фанк, Диско;Жанр
1404;Donna Summer;Соул, Фанк, Диско;Жанр
1405;Dschinghis Khan;Соул, Фанк, Диско;Жанр
1406;Earth, Wind & Fire;Соул, Фанк, Диско;Жанр
1407;En Vogue;Соул, Фанк, Диско;Жанр
1408;George Benson;Соул, Фанк, Диско;Жанр
1409;Gloria Gaynor;Соул, Фанк, Диско;Жанр
1410;Gloria Jones;Соул, Фанк, Диско;Жанр
1411;Gnarls Barkley;Соул, Фанк, Диско;Жанр
1412;H.E.R.;Соул, Фанк, Диско;Жанр
1413;Irene Cara;Соул, Фанк, Диско;Жанр
1414;Irma Thomas;Соул, Фанк, Диско;Жанр
1415;James Brown;Соул, Фанк, Диско;Жанр
1416;Jamiroquai;Соул, Фанк, Диско;Жанр
1417;Janelle Monáe;Соул, Фанк, Диско;Жанр
1418;Joe;Соул, Фанк, Диско;Жанр
1419;John Legend;Соул, Фанк, Диско;Жанр
1420;John Newman;Соул, Фанк, Диско;Жанр
1421;Justin Timberlake;Соул, Фанк, Диско;Жанр
1422;KC and the Sunshine Band;Соул, Фанк, Диско;Жанр
1423;Khalid;Соул, Фанк, Диско;Жанр
1424;Kool & The Gang;Соул, Фанк, Диско;Жанр
1425;Labrinth;Соул, Фанк, Диско;Жанр
1426;Leon Bridges;Соул, Фанк, Диско;Жанр
1427;Lionel Richie;Соул, Фанк, Диско;Жанр
1428;Mario;Соул, Фанк, Диско;Жанр
1429;Marvin Gaye;Соул, Фанк, Диско;Жанр
1430;Maxwell;Соул, Фанк, Диско;Жанр
1431;New Edition;Соул, Фанк, Диско;Жанр
1432;Ne-Yo;Соул, Фанк, Диско;Жанр
1433;Nina Simone;Соул, Фанк, Диско;Жанр
1434;Otis Redding;Соул, Фанк, Диско;Жанр
1435;Parliament;Соул, Фанк, Диско;Жанр
1436;Prince;Соул, Фанк, Диско;Жанр
1437;Ray Charles;Соул, Фанк, Диско;Жанр
1438;Raydio;Соул, Фанк, Диско;Жанр
1439;Ricchi E Poveri;Соул, Фанк, Диско;Жанр
1440;Rick Astley;Соул, Фанк, Диско;Жанр
1441;Rick James;Соул, Фанк, Диско;Жанр
1442;R. Kelly;Соул, Фанк, Диско;Жанр
1443;Robin Thicke;Соул, Фанк, Диско;Жанр
1444;Sam Cooke;Соул, Фанк, Диско;Жанр
1445;Sam Smith;Соул, Фанк, Диско;Жанр
1446;Seal;Соул, Фанк, Диско;Жанр
1447;Sly & The Family Stone;Соул, Фанк, Диско;Жанр
1448;Stevie Wonder;Соул, Фанк, Диско;Жанр
1449;SZA;Соул, Фанк, Диско;Жанр
1450;The-Dream;Соул, Фанк, Диско;Жанр
1451;The Isley Brothers;Соул, Фанк, Диско;Жанр
1452;The Righteous Brothers;Соул, Фанк, Диско;Жанр
1453;The Weather Girls;Соул, Фанк, Диско;Жанр
1454;The Weeknd;Соул, Фанк, Диско;Жанр
1455;The Winstons;Соул, Фанк, Диско;Жанр
1456;Village People;Соул, Фанк, Диско;Жанр
1457;War;Соул, Фанк, Диско;Жанр
1458;Wild Cherry;Соул, Фанк, Диско;Жанр
1459;21 Savage;Хип-хоп;Жанр
1460;25-17;Хип-хоп;Жанр
1461;2 Chainz;Хип-хоп;Жанр
1462;2Pac;Хип-хоп;Жанр
1463;50 Cent;Хип-хоп;Жанр
1464;6ix9ine;Хип-хоп;Жанр
1465;A$AP Rocky;Хип-хоп;Жанр
1466;Afasi & Filthy;Хип-хоп;Жанр
1467;Afrika Bambaataa;Хип-хоп;Жанр
1468;Akon;Хип-хоп;Жанр
1469;Anacondaz;Хип-хоп;Жанр
1470;Anderson .Paak;Хип-хоп;Жанр
1471;ATL;Хип-хоп;Жанр
1472;A Tribe Called Quest;Хип-хоп;Жанр
1473;Baby Bash;Хип-хоп;Жанр
1474;Baha Men;Хип-хоп;Жанр
1475;Beastie Boys;Хип-хоп;Жанр
1476;Big Baby Tape;Хип-хоп;Жанр
1477;BIGBANG;Хип-хоп;Жанр
1478;Big Russian Boss;Хип-хоп;Жанр
1479;blackbear;Хип-хоп;Жанр
1480;BLACKPINK;Хип-хоп;Жанр
1481;Black Star;Хип-хоп;Жанр
1482;Blackstreet;Хип-хоп;Жанр
1483;B.o.B;Хип-хоп;Жанр
1484;Bobby Shmurda;Хип-хоп;Жанр
1485;Body Count;Хип-хоп;Жанр
1486;Bone Thugs-N-Harmony;Хип-хоп;Жанр
1487;Boulevard Depo;Хип-хоп;Жанр
1488;Bow Wow;Хип-хоп;Жанр
1489;Bryson Tiller;Хип-хоп;Жанр
1490;BTS;Хип-хоп;Жанр
1491;Cardi B;Хип-хоп;Жанр
1492;Carla's Dreams;Хип-хоп;Жанр
1493;CENTR;Хип-хоп;Жанр
1494;Ceza;Хип-хоп;Жанр
1495;Chamillionaire;Хип-хоп;Жанр
1496;Childish Gambino;Хип-хоп;Жанр
1497;Chris Brown;Хип-хоп;Жанр
1498;Coolio;Хип-хоп;Жанр
1499;CYGO;Хип-хоп;Жанр
1500;Cypress Hill;Хип-хоп;Жанр
1501;De La Soul;Хип-хоп;Жанр
1502;Destiny's Child;Хип-хоп;Жанр
1503;Die Antwoord;Хип-хоп;Жанр
1504;Dirty Heads;Хип-хоп;Жанр
1505;DIVINE;Хип-хоп;Жанр
1506;Dizzee Rascal;Хип-хоп;Жанр
1507;DJ Khaled;Хип-хоп;Жанр
1508;DK;Хип-хоп;Жанр
1509;DMX;Хип-хоп;Жанр
1510;Doja Cat;Хип-хоп;Жанр
1511;DONI;Хип-хоп;Жанр
1512;Drake;Хип-хоп;Жанр
1513;Eminem;Хип-хоп;Жанр
1514;Estelle;Хип-хоп;Жанр
1515;Eve;Хип-хоп;Жанр
1516;FACE;Хип-хоп;Жанр
1517;FEDUK;Хип-хоп;Жанр
1518;Fetty Wap;Хип-хоп;Жанр
1519;FLESH;Хип-хоп;Жанр
1520;Flipsyde;Хип-хоп;Жанр
1521;Flo Rida;Хип-хоп;Жанр
1522;Frank Ocean;Хип-хоп;Жанр
1523;Future;Хип-хоп;Жанр
1524;GAYAZOV$ BROTHER$;Хип-хоп;Жанр
1525;GAZIROVKA;Хип-хоп;Жанр
1526;G-Eazy;Хип-хоп;Жанр
1527;GHOSTEMANE;Хип-хоп;Жанр
1528;GONE.Fludd;Хип-хоп;Жанр
1529;GOODY;Хип-хоп;Жанр
1530;Gym Class Heroes;Хип-хоп;Жанр
1531;HammAli & Navai;Хип-хоп;Жанр
1532;Horus;Хип-хоп;Жанр
1533;House Of Pain;Хип-хоп;Жанр
1534;Iggy Azalea;Хип-хоп;Жанр
1535;ILoveMakonnen;Хип-хоп;Жанр
1536;Jah Khalib;Хип-хоп;Жанр
1537;Jason Derulo;Хип-хоп;Жанр
1538;Jay-Z;Хип-хоп;Жанр
1539;J. Cole;Хип-хоп;Жанр
1540;Johnyboy;Хип-хоп;Жанр
1541;Joji;Хип-хоп;Жанр
1542;Juice WRLD;Хип-хоп;Жанр
1543;Kanye West;Хип-хоп;Жанр
1544;Kehlani;Хип-хоп;Жанр
1545;Kendrick Lamar;Хип-хоп;Жанр
1546;Kid Cudi;Хип-хоп;Жанр
1547;Kid Ink;Хип-хоп;Жанр
1548;KIZARU;Хип-хоп;Жанр
1549;Kris Kross;Хип-хоп;Жанр
1550;Leaders Of The New School;Хип-хоп;Жанр
1551;Lil Jon & The East Side Boyz;Хип-хоп;Жанр
1552;Lil Nas X;Хип-хоп;Жанр
1553;Lil Peep;Хип-хоп;Жанр
1554;Lil Pump;Хип-хоп;Жанр
1555;Lil Uzi Vert;Хип-хоп;Жанр
1556;Lil Wayne;Хип-хоп;Жанр
1557;LIZER;Хип-хоп;Жанр
1558;Logic;Хип-хоп;Жанр
1559;L'One;Хип-хоп;Жанр
1560;Ludacris;Хип-хоп;Жанр
1561;L.V.;Хип-хоп;Жанр
1562;Machine Gun Kelly;Хип-хоп;Жанр
1563;Macklemore;Хип-хоп;Жанр
1564;Mac Miller;Хип-хоп;Жанр
1565;Madcon;Хип-хоп;Жанр
1566;Maître Gims;Хип-хоп;Жанр
1567;Malcolm McLaren;Хип-хоп;Жанр
1568;Markul;Хип-хоп;Жанр
1569;Marky Mark And The Funky Bunch;Хип-хоп;Жанр
1570;Masked Wolf;Хип-хоп;Жанр
1571;MATRANG;Хип-хоп;Жанр
1572;Mattafix;Хип-хоп;Жанр
1573;MC Hammer;Хип-хоп;Жанр
1574;M.I.A.;Хип-хоп;Жанр
1575;Migos;Хип-хоп;Жанр
1576;Miyagi & Andy Panda;Хип-хоп;Жанр
1577;Mnogoznaal;Хип-хоп;Жанр
1578;MORGENSHTERN;Хип-хоп;Жанр
1579;Nas;Хип-хоп;Жанр
1580;Natan;Хип-хоп;Жанр
1581;Nelly;Хип-хоп;Жанр
1582;Neneh Cherry;Хип-хоп;Жанр
1583;N.E.R.D;Хип-хоп;Жанр
1584;New Boyz;Хип-хоп;Жанр
1585;NF;Хип-хоп;Жанр
1586;Nicki Minaj;Хип-хоп;Жанр
1587;NILETTO;Хип-хоп;Жанр
1588;NLO;Хип-хоп;Жанр
1589;Noize MC;Хип-хоп;Жанр
1590;N.W.A;Хип-хоп;Жанр
1591;Oliver Tree;Хип-хоп;Жанр
1592;OutKast;Хип-хоп;Жанр
1593;Oxxxymiron;Хип-хоп;Жанр
1594;PHARAOH;Хип-хоп;Жанр
1595;Pitbull;Хип-хоп;Жанр
1596;PLC;Хип-хоп;Жанр
1597;Post Malone;Хип-хоп;Жанр
1598;PSY;Хип-хоп;Жанр
1599;Public Enemy;Хип-хоп;Жанр
1600;pyrokinesis;Хип-хоп;Жанр
1601;RASA;Хип-хоп;Жанр
1602;R. City;Хип-хоп;Жанр
1603;Rock Master Scott & the Dynamic Three;Хип-хоп;Жанр
1604;Run-D.M.C.;Хип-хоп;Жанр
1605;SAINt JHN;Хип-хоп;Жанр
1606;Salt-N-Pepa;Хип-хоп;Жанр
1607;Sami Switch;Хип-хоп;Жанр
1608;Schokk;Хип-хоп;Жанр
1609;Sean Kingston;Хип-хоп;Жанр
1610;Sido;Хип-хоп;Жанр
1611;Silentó;Хип-хоп;Жанр
1612;Sir Mix-A-Lot;Хип-хоп;Жанр
1613;Skepta;Хип-хоп;Жанр
1614;SLAVA MARLOW;Хип-хоп;Жанр
1615;Snook;Хип-хоп;Жанр
1616;Snoop Dogg;Хип-хоп;Жанр
1617;Soulja Boy;Хип-хоп;Жанр
1618;ST;Хип-хоп;Жанр
1619;ST1M;Хип-хоп;Жанр
1620;Stormzy;Хип-хоп;Жанр
1621;Stray Kids;Хип-хоп;Жанр
1622;Styles of Beyond;Хип-хоп;Жанр
1623;Tatarka;Хип-хоп;Жанр
1624;Tech N9ne;Хип-хоп;Жанр
1625;Teriyaki Boyz;Хип-хоп;Жанр
1626;TERNOVOY;Хип-хоп;Жанр
1627;T-Fest;Хип-хоп;Жанр
1628;The Bangz;Хип-хоп;Жанр
1629;The Black Eyed Peas;Хип-хоп;Жанр
1630;The Fugees;Хип-хоп;Жанр
1631;The Kid LAROI;Хип-хоп;Жанр
1632;The Notorious B.I.G.;Хип-хоп;Жанр
1633;Three 6 Mafia;Хип-хоп;Жанр
1634;THRILL PILL;Хип-хоп;Жанр
1635;T.I.;Хип-хоп;Жанр
1636;Timbaland;Хип-хоп;Жанр
1637;Tinie Tempah;Хип-хоп;Жанр
1638;TLC;Хип-хоп;Жанр
1639;Tommy Cash;Хип-хоп;Жанр
1640;T-Pain;Хип-хоп;Жанр
1641;Travis Scott;Хип-хоп;Жанр
1642;Trevor Daniel;Хип-хоп;Жанр
1643;Ty Dolla $ign;Хип-хоп;Жанр
1644;Tyga;Хип-хоп;Жанр
1645;Usher;Хип-хоп;Жанр
1646;Vanilla Ice;Хип-хоп;Жанр
1647;VERBEE;Хип-хоп;Жанр
1648;Wiz Khalifa;Хип-хоп;Жанр
1649;Wu-Tang Clan;Хип-хоп;Жанр
1650;XXXTentacion;Хип-хоп;Жанр
1651;Yanix;Хип-хоп;Жанр
1652;Yelawolf;Хип-хоп;Жанр
1653;YG;Хип-хоп;Жанр
1654;Ying Yang Twins;Хип-хоп;Жанр
1655;Young Fathers;Хип-хоп;Жанр
1656;Yung Trappa;Хип-хоп;Жанр
1657;АК-47;Хип-хоп;Жанр
1658;Баста;Хип-хоп;Жанр
1659;Богдан Титомир;Хип-хоп;Жанр
1660;Бьянка;Хип-хоп;Жанр
1661;Вадяра Блюз;Хип-хоп;Жанр
1662;Гарри Топор;Хип-хоп;Жанр
1663;Грибы;Хип-хоп;Жанр
1664;ГРОТ;Хип-хоп;Жанр
1665;Децл;Хип-хоп;Жанр
1666;Джаро & Ханза;Хип-хоп;Жанр
1667;Джей Мар;Хип-хоп;Жанр
1668;Джиган;Хип-хоп;Жанр
1669;Жак Энтони;Хип-хоп;Жанр
1670;Звонкий;Хип-хоп;Жанр
1671;Зомб;Хип-хоп;Жанр
1672;Карандаш;Хип-хоп;Жанр
1673;Каспийский Груз;Хип-хоп;Жанр
1674;Каста;Хип-хоп;Жанр
1675;Кравц;Хип-хоп;Жанр
1676;Кровосток;Хип-хоп;Жанр
1677;Лёша Свик;Хип-хоп;Жанр
1678;Лигалайз;Хип-хоп;Жанр
1679;ЛСП;Хип-хоп;Жанр
1680;Макс Корж;Хип-хоп;Жанр
1681;МАЛЬБЭК x Сюзанна;Хип-хоп;Жанр
1682;Мальчишник;Хип-хоп;Жанр
1683;Многоточие;Хип-хоп;Жанр
1684;Мот;Хип-хоп;Жанр
1685;Мэвл;Хип-хоп;Жанр
1686;Нурминский;Хип-хоп;Жанр
1687;Отпетые мошенники;Хип-хоп;Жанр
1688;Пика;Хип-хоп;Жанр
1689;Рем Дигга;Хип-хоп;Жанр
1690;Серёга;Хип-хоп;Жанр
1691;Скриптонит;Хип-хоп;Жанр
1692;Скруджи;Хип-хоп;Жанр
1693;Слава КПСС;Хип-хоп;Жанр
1694;Сява;Хип-хоп;Жанр
1695;Тимати;Хип-хоп;Жанр
1696;Тони Раут;Хип-хоп;Жанр
1697;Триада;Хип-хоп;Жанр
1698;УСПЕШНАЯ ГРУППА;Хип-хоп;Жанр
1699;Хаски;Хип-хоп;Жанр
1700;ХЛЕБ;Хип-хоп;Жанр
1701;Элджей;Хип-хоп;Жанр
1702;Эрик Нейтрон;Хип-хоп;Жанр
1703;ЯрмаК;Хип-хоп;Жанр
1704;2 Unlimited;Электронная музыка;Жанр
1705;3OH!3;Электронная музыка;Жанр
1706;3rd Party;Электронная музыка;Жанр
1707;Ace of Base;Электронная музыка;Жанр
1708;Adam & The Ants;Электронная музыка;Жанр
1709;a-ha;Электронная музыка;Жанр
1710;AJR;Электронная музыка;Жанр
1711;Alan Walker;Электронная музыка;Жанр
1712;Albatraoz;Электронная музыка;Жанр
1713;Alexandra Stan;Электронная музыка;Жанр
1714;Alex Ferrari;Электронная музыка;Жанр
1715;Alice Deejay;Электронная музыка;Жанр
1716;Alphaville;Электронная музыка;Жанр
1717;Aphex Twin;Электронная музыка;Жанр
1718;Aqua;Электронная музыка;Жанр
1719;Arabesque;Электронная музыка;Жанр
1720;Army Of Lovers;Электронная музыка;Жанр
1721;ATB;Электронная музыка;Жанр
1722;ATC;Электронная музыка;Жанр
1723;ATeens;Электронная музыка;Жанр
1724;Avicii;Электронная музыка;Жанр
1725;AWOLNATION;Электронная музыка;Жанр
1726;Bad Boys Blue;Электронная музыка;Жанр
1727;Baltimora;Электронная музыка;Жанр
1728;Bananarama;Электронная музыка;Жанр
1729;Bellini;Электронная музыка;Жанр
1730;Benassi Bros.;Электронная музыка;Жанр
1731;Berlin;Электронная музыка;Жанр
1732;Black;Электронная музыка;Жанр
1733;Black Strobe;Электронная музыка;Жанр
1734;Blood on the Dance Floor;Электронная музыка;Жанр
1735;Bob Sinclar;Электронная музыка;Жанр
1736;Bomfunk MC's;Электронная музыка;Жанр
1737;Bow Wow Wow;Электронная музыка;Жанр
1738;Bronski Beat;Электронная музыка;Жанр
1739;Burak Yeter;Электронная музыка;Жанр
1740;Calvin Harris;Электронная музыка;Жанр
1741;Capital Cities;Электронная музыка;Жанр
1742;Cascada;Электронная музыка;Жанр
1743;C. C. Catch;Электронная музыка;Жанр
1744;Chris Willis;Электронная музыка;Жанр
1745;Clean Bandit;Электронная музыка;Жанр
1746;College;Электронная музыка;Жанр
1747;Corona;Электронная музыка;Жанр
1748;Culture Club;Электронная музыка;Жанр
1749;Daft Punk;Электронная музыка;Жанр
1750;Darude;Электронная музыка;Жанр
1751;Dave Rodgers;Электронная музыка;Жанр
1752;David Guetta;Электронная музыка;Жанр
1753;Daze;Электронная музыка;Жанр
1754;Dead Or Alive;Электронная музыка;Жанр
1755;Deee-Lite;Электронная музыка;Жанр
1756;Depeche Mode;Электронная музыка;Жанр
1757;Dillon Francis;Электронная музыка;Жанр
1758;Diplo;Электронная музыка;Жанр
1759;Disclosure;Электронная музыка;Жанр
1760;DJ Piligrim;Электронная музыка;Жанр
1761;DJ Smash;Электронная музыка;Жанр
1762;DJ Snake;Электронная музыка;Жанр
1763;DJ Дождик;Электронная музыка;Жанр
1764;Duke Dumont;Электронная музыка;Жанр
1765;Dune;Электронная музыка;Жанр
1766;Duran Duran;Электронная музыка;Жанр
1767;Echo & the Bunnymen;Электронная музыка;Жанр
1768;Eiffel 65;Электронная музыка;Жанр
1769;Electric Youth;Электронная музыка;Жанр
1770;Empire Of The Sun;Электронная музыка;Жанр
1771;Erasure;Электронная музыка;Жанр
1772;Eric Prydz;Электронная музыка;Жанр
1773;ESTRADARADA;Электронная музыка;Жанр
1774;E-Type & Nana Hedin;Электронная музыка;Жанр
1775;Eurythmics;Электронная музыка;Жанр
1776;Falco;Электронная музыка;Жанр
1777;Fatboy Slim;Электронная музыка;Жанр
1778;Fly Project;Электронная музыка;Жанр
1779;Frankie Goes To Hollywood;Электронная музыка;Жанр
1780;Galantis;Электронная музыка;Жанр
1781;Giorgio Moroder;Электронная музыка;Жанр
1782;Gravitonas;Электронная музыка;Жанр
1783;Haddaway;Электронная музыка;Жанр
1784;Hi-Fi;Электронная музыка;Жанр
1785;Hurts;Электронная музыка;Жанр
1786;IC3PEAK;Электронная музыка;Жанр
1787;Icona Pop;Электронная музыка;Жанр
1788;Intelligency;Электронная музыка;Жанр
1789;Jawsh 685;Электронная музыка;Жанр
1790;Jax Jones;Электронная музыка;Жанр
1791;Joel Corry;Электронная музыка;Жанр
1792;Jonas Blue;Электронная музыка;Жанр
1793;Joy;Электронная музыка;Жанр
1794;Kavinsky;Электронная музыка;Жанр
1795;Kraftwerk;Электронная музыка;Жанр
1796;Kygo;Электронная музыка;Жанр
1797;Little Big;Электронная музыка;Жанр
1798;LMFAO;Электронная музыка;Жанр
1799;Lost Frequencies;Электронная музыка;Жанр
1800;M83;Электронная музыка;Жанр
1801;Mark Ronson;Электронная музыка;Жанр
1802;Marshmello;Электронная музыка;Жанр
1803;Martin Garrix;Электронная музыка;Жанр
1804;Martin Solveig;Электронная музыка;Жанр
1805;MARUV;Электронная музыка;Жанр
1806;Massive Attack;Электронная музыка;Жанр
1807;Merk & Kremont;Электронная музыка;Жанр
1808;MGMT;Электронная музыка;Жанр
1809;Milli Vanilli;Электронная музыка;Жанр
1810;Mint Royale;Электронная музыка;Жанр
1811;Moby;Электронная музыка;Жанр
1812;Modern Talking;Электронная музыка;Жанр
1813;Modjo;Электронная музыка;Жанр
1814;Morandi;Электронная музыка;Жанр
1815;Morcheeba;Электронная музыка;Жанр
1816;MOZGI;Электронная музыка;Жанр
1817;Mr. Credo;Электронная музыка;Жанр
1818;Mr. Oizo;Электронная музыка;Жанр
1819;Mr. President;Электронная музыка;Жанр
1820;Naughty Boy;Электронная музыка;Жанр
1821;Nicky Romero;Электронная музыка;Жанр
1822;Nightcrawlers;Электронная музыка;Жанр
1823;Ofenbach;Электронная музыка;Жанр
1824;Owl City;Электронная музыка;Жанр
1825;O-Zone;Электронная музыка;Жанр
1826;Paradisio;Электронная музыка;Жанр
1827;Passion Pit;Электронная музыка;Жанр
1828;Pendulum;Электронная музыка;Жанр
1829;Perfume;Электронная музыка;Жанр
1830;Pet Shop Boys;Электронная музыка;Жанр
1831;Play & Win;Электронная музыка;Жанр
1832;Real McCoy;Электронная музыка;Жанр
1833;Rednex;Электронная музыка;Жанр
1834;Reel 2 Real;Электронная музыка;Жанр
1835;REFLEX;Электронная музыка;Жанр
1836;Riton;Электронная музыка;Жанр
1837;Robin S.;Электронная музыка;Жанр
1838;Robin Schulz;Электронная музыка;Жанр
1839;Route 94;Электронная музыка;Жанр
1840;Röyksopp;Электронная музыка;Жанр
1841;Rudimental;Электронная музыка;Жанр
1842;Samantha Fox;Электронная музыка;Жанр
1843;Scooter;Электронная музыка;Жанр
1844;Secret Service;Электронная музыка;Жанр
1845;Seeb;Электронная музыка;Жанр
1846;SHANGUY;Электронная музыка;Жанр
1847;Simple Minds;Электронная музыка;Жанр
1848;Skrillex;Электронная музыка;Жанр
1849;SNAP!;Электронная музыка;Жанр
1850;Soft Cell;Электронная музыка;Жанр
1851;Spandau Ballet;Электронная музыка;Жанр
1852;Sparks;Электронная музыка;Жанр
1853;Stakka Bo;Электронная музыка;Жанр
1854;Steve Aoki;Электронная музыка;Жанр
1855;Swedish House Mafia;Электронная музыка;Жанр
1856;Talk Talk;Электронная музыка;Жанр
1857;t.A.T.u.;Электронная музыка;Жанр
1858;Tears For Fears;Электронная музыка;Жанр
1859;Technotronic;Электронная музыка;Жанр
1860;Tegan and Sara;Электронная музыка;Жанр
1861;The Beloved;Электронная музыка;Жанр
1862;The Chainsmokers;Электронная музыка;Жанр
1863;The Chemical Brothers;Электронная музыка;Жанр
1864;The Egg;Электронная музыка;Жанр
1865;The Human League;Электронная музыка;Жанр
1866;The Korgis;Электронная музыка;Жанр
1867;The Living Tombstone;Электронная музыка;Жанр
1868;The Prodigy;Электронная музыка;Жанр
1869;Tiësto;Электронная музыка;Жанр
1870;Tight Fit;Электронная музыка;Жанр
1871;Tubeway Army;Электронная музыка;Жанр
1872;Ultravox;Электронная музыка;Жанр
1873;Vengaboys;Электронная музыка;Жанр
1874;Visage;Электронная музыка;Жанр
1875;Walk the Moon;Электронная музыка;Жанр
1876;Willy William;Электронная музыка;Жанр
1877;Years & Years;Электронная музыка;Жанр
1878;Yello;Электронная музыка;Жанр
1879;Yolanda Be Cool;Электронная музыка;Жанр
1880;Zedd;Электронная музыка;Жанр
1881;АИГЕЛ;Электронная музыка;Жанр
1882;Альянс;Электронная музыка;Жанр
1883;Виктор Салтыков;Электронная музыка;Жанр
1884;Вирус;Электронная музыка;Жанр
1885;Глюк'oZa;Электронная музыка;Жанр
1886;Демо;Электронная музыка;Жанр
1887;Дискотека Авария;Электронная музыка;Жанр
1888;Иван Дорн;Электронная музыка;Жанр
1889;Кар-Мэн;Электронная музыка;Жанр
1890;Ласковый май;Электронная музыка;Жанр
1891;Мираж;Электронная музыка;Жанр
1892;Нейромонах Феофан;Электронная музыка;Жанр
1893;Рок-Острова;Электронная музыка;Жанр
1894;Руки Вверх!;Электронная музыка;Жанр
1895;Технология;Электронная музыка;Жанр
1896;Шура;Электронная музыка;Жанр
